rider_name,position,won,stage_type,elevation,distance_km,pcs_ranking,rider_type,gap_pct,hist_stage_wins,RCS_ranking
BardetRomain,1,1,mountain,3821,206.0,0,Climber,0.0,0,0
van den BroekFrank,2,0,mountain,3821,206.0,0,GC,0.0,0,0
van AertWout,3,0,mountain,3821,206.0,0,Classic,0.0271,0,0
PogačarTadej,4,0,mountain,3821,206.0,0,Climber,0.0271,0,0
Van GilsMaxim,5,0,mountain,3821,206.0,0,Classic,0.0271,0,0
AranburuAlex,6,0,mountain,3821,206.0,0,Classic,0.0271,0,0
PedersenMads,7,0,mountain,3821,206.0,0,Classic,0.0271,0,0
EvenepoelRemco,8,0,mountain,3821,206.0,0,TT,0.0271,0,0
BilbaoPello,9,0,mountain,3821,206.0,0,Climber,0.0271,0,0
BettiolAlberto,10,0,mountain,3821,206.0,0,Classic,0.0271,0,0
PidcockTom,11,0,mountain,3821,206.0,0,Classic,0.0271,0,0
BernalEgan,12,0,mountain,3821,206.0,0,GC,0.0271,0,0
Van WilderIlan,13,0,mountain,3821,206.0,0,GC,0.0271,0,0
CampenaertsVictor,14,0,mountain,3821,206.0,0,TT,0.0271,0,0
HindleyJai,15,0,mountain,3821,206.0,0,Climber,0.0271,0,0
VingegaardJonas,16,0,mountain,3821,206.0,0,GC,0.0271,0,0
Gee-WestDerek,17,0,mountain,3821,206.0,0,Climber,0.0271,0,0
VlasovAleksandr,18,0,mountain,3821,206.0,0,Climber,0.0271,0,0
SkujiņšToms,19,0,mountain,3821,206.0,0,Classic,0.0271,0,0
ThomasGeraint,20,0,mountain,3821,206.0,0,GC,0.0271,0,0
CrasSteff,21,0,mountain,3821,206.0,0,GC,0.0271,0,0
CarapazRichard,22,0,mountain,3821,206.0,0,Climber,0.0271,0,0
JorgensonMatteo,23,0,mountain,3821,206.0,0,GC,0.0271,0,0
JohannessenTobias Halland,24,0,mountain,3821,206.0,0,Climber,0.0271,0,0
MartinGuillaume,25,0,mountain,3821,206.0,0,Climber,0.0271,0,0
MasEnric,26,0,mountain,3821,206.0,0,Climber,0.0271,0,0
HaigJack,27,0,mountain,3821,206.0,0,GC,0.0271,0,0
RodríguezCarlos,28,0,mountain,3821,206.0,0,GC,0.0271,0,0
OnleyOscar,29,0,mountain,3821,206.0,0,GC,0.0271,0,0
EikingOdd Christian,30,0,mountain,3821,206.0,0,GC,0.0271,0,0
CicconeGiulio,31,0,mountain,3821,206.0,0,Climber,0.0271,0,0
LandaMikel,32,0,mountain,3821,206.0,0,Climber,0.0271,0,0
KulsetJohannes,33,0,mountain,3821,206.0,0,GC,0.0271,0,0
RogličPrimož,34,0,mountain,3821,206.0,0,Climber,0.0271,0,0
De PlusLaurens,35,0,mountain,3821,206.0,0,GC,0.0271,0,0
YatesSimon,36,0,mountain,3821,206.0,0,Climber,0.0271,0,0
AyusoJuan,37,0,mountain,3821,206.0,0,Climber,0.0271,0,0
BarguilWarren,38,0,mountain,3821,206.0,0,Climber,0.0271,0,0
CostaRui,39,0,mountain,3821,206.0,0,GC,0.0271,0,0
HarperChris,40,0,mountain,3821,206.0,0,GC,0.0271,0,0
GallFelix,41,0,mountain,3821,206.0,0,Climber,0.0271,0,0
ArmirailBruno,42,0,mountain,3821,206.0,0,TT,0.0271,0,0
AlmeidaJoão,43,0,mountain,3821,206.0,0,GC,0.0271,0,0
SivakovPavel,44,0,mountain,3821,206.0,0,GC,0.0271,0,0
YatesAdam,45,0,mountain,3821,206.0,0,Climber,0.0271,0,0
RomoJavier,46,0,mountain,3821,206.0,0,GC,0.0271,0,0
BuitragoSantiago,47,0,mountain,3821,206.0,0,Climber,0.0271,0,0
MeintjesLouis,48,0,mountain,3821,206.0,0,GC,0.0271,0,0
KwiatkowskiMichał,49,0,mountain,3821,206.0,0,Classic,0.0868,0,0
HealyBen,50,0,mountain,3821,206.0,0,Climber,0.0976,0,0
PowlessNeilson,51,0,mountain,3821,206.0,0,Classic,0.1844,0,0
KeldermanWilco,52,0,mountain,3821,206.0,0,GC,0.2061,0,0
BernardJulien,53,0,mountain,3821,206.0,0,GC,0.4555,0,0
VeronaCarlos,54,0,mountain,3821,206.0,0,GC,0.4555,0,0
MadouasValentin,55,0,mountain,3821,206.0,0,Classic,0.5477,0,0
VervaekeLouis,56,0,mountain,3821,206.0,0,GC,2.9281,0,0
GibbonsRyan,57,0,mountain,3821,206.0,0,Hills,2.9281,0,0
FormoloDavide,58,0,mountain,3821,206.0,0,Climber,4.6416,0,0
TratnikJan,59,0,mountain,3821,206.0,0,TT,4.6416,0,0
JungelsBob,60,0,mountain,3821,206.0,0,TT,4.8964,0,0
AbrahamsenJonas,61,0,mountain,3821,206.0,0,Classic,4.8964,0,0
TejadaHarold,62,0,mountain,3821,206.0,0,Climber,4.8964,0,0
BeullensCedric,63,0,mountain,3821,206.0,0,Classic,6.1056,0,0
OliveiraNelson,64,0,mountain,3821,206.0,0,TT,6.1056,0,0
PageHugo,65,0,mountain,3821,206.0,0,Classic,6.1056,0,0
LauranceAxel,66,0,mountain,3821,206.0,0,Hills,6.1056,0,0
LapeiraPaul,67,0,mountain,3821,206.0,0,Classic,6.1056,0,0
PacherQuentin,68,0,mountain,3821,206.0,0,Hills,6.1056,0,0
RodríguezCristián,69,0,mountain,3821,206.0,0,GC,6.1056,0,0
GrellierFabien,70,0,mountain,3821,206.0,0,Classic,6.1056,0,0
GenietsKevin,71,0,mountain,3821,206.0,0,Classic,6.1056,0,0
Van MoerBrent,72,0,mountain,3821,206.0,0,Classic,6.1056,0,0
Kragh AndersenSøren,73,0,mountain,3821,206.0,0,TT,6.1056,0,0
FuglsangJakob,74,0,mountain,3821,206.0,0,GC,6.1056,0,0
NeilandsKrists,75,0,mountain,3821,206.0,0,Classic,6.1056,0,0
GoossensKobe,76,0,mountain,3821,206.0,0,Classic,6.1056,0,0
KüngStefan,77,0,mountain,3821,206.0,0,TT,6.1056,0,0
SolerMarc,78,0,mountain,3821,206.0,0,Climber,6.1056,0,0
GrégoireRomain,79,0,mountain,3821,206.0,0,Classic,6.1056,0,0
MohoričMatej,80,0,mountain,3821,206.0,0,Classic,6.1056,0,0
CastroviejoJonathan,81,0,mountain,3821,206.0,0,TT,6.1056,0,0
IzagirreIon,82,0,mountain,3821,206.0,0,GC,6.1056,0,0
HerradaJesús,83,0,mountain,3821,206.0,0,GC,6.1056,0,0
HouleHugo,84,0,mountain,3821,206.0,0,GC,6.1056,0,0
MosconGianni,85,0,mountain,3821,206.0,0,Classic,6.1056,0,0
VanhouckeHarm,86,0,mountain,3821,206.0,0,GC,6.1056,0,0
VermeerschGianni,87,0,mountain,3821,206.0,0,Classic,6.1056,0,0
van der PoelMathieu,88,0,mountain,3821,206.0,0,Classic,6.1056,0,0
BenootTiesj,89,0,mountain,3821,206.0,0,Classic,6.1056,0,0
LemmenBart,90,0,mountain,3821,206.0,0,GC,6.1056,0,0
LutsenkoAlexey,91,0,mountain,3821,206.0,0,GC,8.0252,0,0
CortMagnus,92,0,mountain,3821,206.0,0,Hills,8.0252,0,0
TillerRasmus,93,0,mountain,3821,206.0,0,Classic,8.0414,0,0
StuyvenJasper,94,0,mountain,3821,206.0,0,Classic,8.0414,0,0
ArndtNikias,95,0,mountain,3821,206.0,0,Hills,8.0414,0,0
De LieArnaud,96,0,mountain,3821,206.0,0,Classic,9.5109,0,0
GrignardSébastien,97,0,mountain,3821,206.0,0,Classic,9.5109,0,0
WellensTim,98,0,mountain,3821,206.0,0,GC,9.5109,0,0
WærenskjoldSøren,99,0,mountain,3821,206.0,0,Classic,9.5109,0,0
EekhoffNils,100,0,mountain,3821,206.0,0,Classic,9.5109,0,0
DémareArnaud,101,0,mountain,3821,206.0,0,Classic,9.5109,0,0
DenzNico,102,0,mountain,3821,206.0,0,Hills,9.5109,0,0
DegenkolbJohn,103,0,mountain,3821,206.0,0,Classic,9.5109,0,0
PolittNils,104,0,mountain,3821,206.0,0,Classic,9.5109,0,0
DujardinSandy,105,0,mountain,3821,206.0,0,Classic,9.5109,0,0
RussoClément,106,0,mountain,3821,206.0,0,Classic,9.5109,0,0
DeclercqTim,107,0,mountain,3821,206.0,0,Classic,9.5109,0,0
JegatJordan,108,0,mountain,3821,206.0,0,Climber,9.5109,0,0
NaesenOliver,109,0,mountain,3821,206.0,0,Classic,9.5109,0,0
TurgisAnthony,110,0,mountain,3821,206.0,0,Classic,9.5109,0,0
PetersNans,111,0,mountain,3821,206.0,0,Classic,9.5109,0,0
van den BergMarijn,112,0,mountain,3821,206.0,0,Hills,9.5109,0,0
GodonDorian,113,0,mountain,3821,206.0,0,Hills,9.5109,0,0
BisseggerStefan,114,0,mountain,3821,206.0,0,TT,9.5109,0,0
ProdhommeNicolas,115,0,mountain,3821,206.0,0,GC,9.5109,0,0
SobreroMatteo,116,0,mountain,3821,206.0,0,TT,9.5109,0,0
GhysRobbe,117,0,mountain,3821,206.0,0,Classic,9.5109,0,0
TurnerBen,118,0,mountain,3821,206.0,0,Hills,9.5109,0,0
LaporteChristophe,119,0,mountain,3821,206.0,0,Classic,9.5109,0,0
WrightFred,120,0,mountain,3821,206.0,0,Hills,9.5109,0,0
BauhausPhil,121,0,mountain,3821,206.0,0,Sprint,9.5109,0,0
GirmayBiniam,122,0,mountain,3821,206.0,0,Classic,9.5109,0,0
PedersenCasper,123,0,mountain,3821,206.0,0,Classic,9.5109,0,0
QuinnSean,124,0,mountain,3821,206.0,0,GC,9.5109,0,0
GeschkeSimon,125,0,mountain,3821,206.0,0,Climber,9.5109,0,0
van PoppelDanny,126,0,mountain,3821,206.0,0,Sprint,9.5109,0,0
DurbridgeLuke,127,0,mountain,3821,206.0,0,TT,9.5109,0,0
MartinezLenny,128,0,mountain,3821,206.0,0,Climber,9.5109,0,0
ZimmermannGeorg,129,0,mountain,3821,206.0,0,Classic,9.5109,0,0
BurgaudeauMathieu,130,0,mountain,3821,206.0,0,Hills,9.5109,0,0
Juul-JensenChristopher,131,0,mountain,3821,206.0,0,GC,9.5109,0,0
AllegaertPiet,132,0,mountain,3821,206.0,0,Classic,9.5109,0,0
TeunissenMike,133,0,mountain,3821,206.0,0,Classic,9.5109,0,0
PoelsWout,134,0,mountain,3821,206.0,0,Climber,9.5109,0,0
CoquardBryan,135,0,mountain,3821,206.0,0,Sprint,9.5109,0,0
GauduDavid,136,0,mountain,3821,206.0,0,Climber,9.5109,0,0
WilliamsStephen,137,0,mountain,3821,206.0,0,GC,9.5109,0,0
BoivinGuillaume,138,0,mountain,3821,206.0,0,Classic,9.5109,0,0
VauquelinKévin,139,0,mountain,3821,206.0,0,GC,9.5109,0,0
MezgecLuka,140,0,mountain,3821,206.0,0,Hills,9.5109,0,0
StewartJake,141,0,mountain,3821,206.0,0,Hills,9.5109,0,0
BennettSam,142,0,mountain,3821,206.0,0,Sprint,9.5109,0,0
HallerMarco,143,0,mountain,3821,206.0,0,Classic,9.5109,0,0
MatthewsMichael,144,0,mountain,3821,206.0,0,Classic,9.5109,0,0
MühlbergerGregor,145,0,mountain,3821,206.0,0,Climber,9.5109,0,0
AckermannPascal,146,0,mountain,3821,206.0,0,Sprint,9.5109,0,0
LazkanoOier,147,0,mountain,3821,206.0,0,Classic,9.5109,0,0
ChampoussinClément,148,0,mountain,3821,206.0,0,Climber,9.5109,0,0
García PiernaRaúl,149,0,mountain,3821,206.0,0,GC,9.5109,0,0
DriznersJarrad,150,0,mountain,3821,206.0,0,GC,9.5109,0,0
DillierSilvan,151,0,mountain,3821,206.0,0,Classic,9.8579,0,0
ReindersElmar,152,0,mountain,3821,206.0,0,Classic,9.8579,0,0
CapiotAmaury,153,0,mountain,3821,206.0,0,Classic,9.8579,0,0
RenardAlexis,154,0,mountain,3821,206.0,0,Classic,9.8579,0,0
GachignardThomas,155,0,mountain,3821,206.0,0,GC,9.8579,0,0
GroenewegenDylan,156,0,mountain,3821,206.0,0,Sprint,9.8579,0,0
PhilipsenJasper,157,0,mountain,3821,206.0,0,Sprint,9.8579,0,0
LampaertYves,158,0,mountain,3821,206.0,0,Classic,9.8579,0,0
RexLaurenz,159,0,mountain,3821,206.0,0,Classic,9.8579,0,0
KristoffAlexander,160,0,mountain,3821,206.0,0,Classic,9.8579,0,0
McLayDaniel,161,0,mountain,3821,206.0,0,Sprint,9.8579,0,0
HirtJan,162,0,mountain,3821,206.0,0,GC,9.8579,0,0
ThijssenGerben,163,0,mountain,3821,206.0,0,Sprint,9.8579,0,0
VercherMattéo,164,0,mountain,3821,206.0,0,Hills,9.8579,0,0
GaviriaFernando,165,0,mountain,3821,206.0,0,Sprint,9.8579,0,0
MozzatoLuca,166,0,mountain,3821,206.0,0,Classic,9.8579,0,0
ZingleAxel,167,0,mountain,3821,206.0,0,Classic,9.8579,0,0
FedorovYevgeniy,168,0,mountain,3821,206.0,0,Classic,12.7535,0,0
BalleriniDavide,169,0,mountain,3821,206.0,0,Classic,12.7535,0,0
RickaertJonas,170,0,mountain,3821,206.0,0,Classic,12.7535,0,0
MørkøvMichael,171,0,mountain,3821,206.0,0,Classic,12.7535,0,0
WeltenBram,172,0,mountain,3821,206.0,0,Classic,12.7535,0,0
BolCees,173,0,mountain,3821,206.0,0,Sprint,12.7535,0,0
CavendishMark,174,0,mountain,3821,206.0,0,Sprint,12.7535,0,0
JakobsenFabio,175,0,mountain,3821,206.0,0,Sprint,12.7535,0,0
VauquelinKévin,1,1,hilly,1859,199.2,0,GC,0.0,0,0
AbrahamsenJonas,2,0,hilly,1859,199.2,0,Classic,0.2115,0,0
PacherQuentin,3,0,hilly,1859,199.2,0,Hills,0.2879,0,0
RodríguezCristián,4,0,hilly,1859,199.2,0,GC,0.2879,0,0
TejadaHarold,5,0,hilly,1859,199.2,0,Climber,0.2879,0,0
OliveiraNelson,6,0,hilly,1859,199.2,0,TT,0.2937,0,0
LauranceAxel,7,0,hilly,1859,199.2,0,Hills,0.423,0,0
TeunissenMike,8,0,hilly,1859,199.2,0,Classic,0.5464,0,0
HouleHugo,9,0,hilly,1859,199.2,0,GC,0.564,0,0
CarapazRichard,10,0,hilly,1859,199.2,0,Climber,0.8283,0,0
JegatJordan,11,0,hilly,1859,199.2,0,Climber,0.8283,0,0
EvenepoelRemco,12,0,hilly,1859,199.2,0,TT,0.8283,0,0
VingegaardJonas,13,0,hilly,1859,199.2,0,GC,0.8283,0,0
PogačarTadej,14,0,hilly,1859,199.2,0,Climber,0.8283,0,0
CicconeGiulio,15,0,hilly,1859,199.2,0,Climber,0.9517,0,0
GrégoireRomain,16,0,hilly,1859,199.2,0,Classic,0.9517,0,0
GallFelix,17,0,hilly,1859,199.2,0,Climber,0.9517,0,0
Van GilsMaxim,18,0,hilly,1859,199.2,0,Classic,0.9517,0,0
RodríguezCarlos,19,0,hilly,1859,199.2,0,GC,0.9517,0,0
MasEnric,20,0,hilly,1859,199.2,0,Climber,0.9517,0,0
AyusoJuan,21,0,hilly,1859,199.2,0,Climber,0.9517,0,0
BardetRomain,22,0,hilly,1859,199.2,0,Climber,0.9517,0,0
BernalEgan,23,0,hilly,1859,199.2,0,GC,0.9517,0,0
JorgensonMatteo,24,0,hilly,1859,199.2,0,GC,0.9517,0,0
MartinGuillaume,25,0,hilly,1859,199.2,0,Climber,0.9517,0,0
BilbaoPello,26,0,hilly,1859,199.2,0,Climber,0.9517,0,0
RogličPrimož,27,0,hilly,1859,199.2,0,Climber,0.9517,0,0
VlasovAleksandr,28,0,hilly,1859,199.2,0,Climber,0.9517,0,0
YatesSimon,29,0,hilly,1859,199.2,0,Climber,0.9517,0,0
PidcockTom,30,0,hilly,1859,199.2,0,Classic,0.9517,0,0
AlmeidaJoão,31,0,hilly,1859,199.2,0,GC,0.9517,0,0
YatesAdam,32,0,hilly,1859,199.2,0,Climber,0.9517,0,0
HindleyJai,33,0,hilly,1859,199.2,0,Climber,0.9517,0,0
LandaMikel,34,0,hilly,1859,199.2,0,Climber,0.9517,0,0
BuitragoSantiago,35,0,hilly,1859,199.2,0,Climber,1.2454,0,0
De PlusLaurens,36,0,hilly,1859,199.2,0,GC,1.2454,0,0
CrasSteff,37,0,hilly,1859,199.2,0,GC,1.2454,0,0
Gee-WestDerek,38,0,hilly,1859,199.2,0,Climber,1.3101,0,0
HarperChris,39,0,hilly,1859,199.2,0,GC,1.3101,0,0
Van WilderIlan,40,0,hilly,1859,199.2,0,GC,1.3101,0,0
HaigJack,41,0,hilly,1859,199.2,0,GC,1.3101,0,0
RomoJavier,42,0,hilly,1859,199.2,0,GC,1.3101,0,0
PowlessNeilson,43,0,hilly,1859,199.2,0,Classic,1.3101,0,0
MeintjesLouis,44,0,hilly,1859,199.2,0,GC,1.7154,0,0
EikingOdd Christian,45,0,hilly,1859,199.2,0,GC,1.7154,0,0
ArmirailBruno,46,0,hilly,1859,199.2,0,TT,1.7154,0,0
OnleyOscar,47,0,hilly,1859,199.2,0,GC,1.7154,0,0
MadouasValentin,48,0,hilly,1859,199.2,0,Classic,1.7154,0,0
HealyBen,49,0,hilly,1859,199.2,0,Climber,1.7154,0,0
CostaRui,50,0,hilly,1859,199.2,0,GC,1.7154,0,0
BarguilWarren,51,0,hilly,1859,199.2,0,Climber,1.7154,0,0
BernardJulien,52,0,hilly,1859,199.2,0,GC,1.7154,0,0
GoossensKobe,53,0,hilly,1859,199.2,0,Classic,1.7154,0,0
ThomasGeraint,54,0,hilly,1859,199.2,0,GC,2.3793,0,0
FormoloDavide,55,0,hilly,1859,199.2,0,Climber,2.3793,0,0
SkujiņšToms,56,0,hilly,1859,199.2,0,Classic,2.3793,0,0
VeronaCarlos,57,0,hilly,1859,199.2,0,GC,2.3793,0,0
JungelsBob,58,0,hilly,1859,199.2,0,TT,2.814,0,0
ZimmermannGeorg,59,0,hilly,1859,199.2,0,Classic,2.814,0,0
LapeiraPaul,60,0,hilly,1859,199.2,0,Classic,2.814,0,0
KeldermanWilco,61,0,hilly,1859,199.2,0,GC,2.814,0,0
BenootTiesj,62,0,hilly,1859,199.2,0,Classic,2.814,0,0
ProdhommeNicolas,63,0,hilly,1859,199.2,0,GC,3.2899,0,0
LutsenkoAlexey,64,0,hilly,1859,199.2,0,GC,3.2899,0,0
WilliamsStephen,65,0,hilly,1859,199.2,0,GC,3.2899,0,0
GenietsKevin,66,0,hilly,1859,199.2,0,Classic,3.4074,0,0
SolerMarc,67,0,hilly,1859,199.2,0,Climber,3.8597,0,0
SivakovPavel,68,0,hilly,1859,199.2,0,GC,3.8597,0,0
VervaekeLouis,69,0,hilly,1859,199.2,0,GC,3.9243,0,0
IzagirreIon,70,0,hilly,1859,199.2,0,GC,3.9243,0,0
KüngStefan,71,0,hilly,1859,199.2,0,TT,3.9243,0,0
van den BroekFrank,72,0,hilly,1859,199.2,0,GC,3.9243,0,0
JohannessenTobias Halland,73,0,hilly,1859,199.2,0,Climber,3.9243,0,0
Kragh AndersenSøren,74,0,hilly,1859,199.2,0,TT,4.1946,0,0
NeilandsKrists,75,0,hilly,1859,199.2,0,Classic,4.7292,0,0
PetersNans,76,0,hilly,1859,199.2,0,Classic,4.7292,0,0
CampenaertsVictor,77,0,hilly,1859,199.2,0,TT,4.7292,0,0
GeschkeSimon,78,0,hilly,1859,199.2,0,Climber,4.7292,0,0
VanhouckeHarm,79,0,hilly,1859,199.2,0,GC,4.7292,0,0
FuglsangJakob,80,0,hilly,1859,199.2,0,GC,4.7292,0,0
PoelsWout,81,0,hilly,1859,199.2,0,Climber,4.7292,0,0
GrellierFabien,82,0,hilly,1859,199.2,0,Classic,4.7292,0,0
DenzNico,83,0,hilly,1859,199.2,0,Hills,4.7292,0,0
SobreroMatteo,84,0,hilly,1859,199.2,0,TT,4.7292,0,0
TillerRasmus,85,0,hilly,1859,199.2,0,Classic,4.7292,0,0
Van MoerBrent,86,0,hilly,1859,199.2,0,Classic,4.7292,0,0
van AertWout,87,0,hilly,1859,199.2,0,Classic,4.7292,0,0
KulsetJohannes,88,0,hilly,1859,199.2,0,GC,5.2873,0,0
MohoričMatej,89,0,hilly,1859,199.2,0,Classic,5.7749,0,0
DillierSilvan,90,0,hilly,1859,199.2,0,Classic,6.4094,0,0
LemmenBart,91,0,hilly,1859,199.2,0,GC,6.4094,0,0
AckermannPascal,92,0,hilly,1859,199.2,0,Sprint,6.4094,0,0
BoivinGuillaume,93,0,hilly,1859,199.2,0,Classic,6.4094,0,0
MosconGianni,94,0,hilly,1859,199.2,0,Classic,6.4094,0,0
DujardinSandy,95,0,hilly,1859,199.2,0,Classic,6.4094,0,0
TratnikJan,96,0,hilly,1859,199.2,0,TT,6.4094,0,0
GachignardThomas,97,0,hilly,1859,199.2,0,GC,6.4094,0,0
van der PoelMathieu,98,0,hilly,1859,199.2,0,Classic,6.4094,0,0
LaporteChristophe,99,0,hilly,1859,199.2,0,Classic,6.4094,0,0
AranburuAlex,100,0,hilly,1859,199.2,0,Classic,6.4094,0,0
GirmayBiniam,101,0,hilly,1859,199.2,0,Classic,6.4094,0,0
MühlbergerGregor,102,0,hilly,1859,199.2,0,Climber,6.4094,0,0
GauduDavid,103,0,hilly,1859,199.2,0,Climber,6.4094,0,0
CoquardBryan,104,0,hilly,1859,199.2,0,Sprint,6.4094,0,0
ChampoussinClément,105,0,hilly,1859,199.2,0,Climber,6.4094,0,0
KwiatkowskiMichał,106,0,hilly,1859,199.2,0,Classic,6.4094,0,0
MartinezLenny,107,0,hilly,1859,199.2,0,Climber,6.4094,0,0
Juul-JensenChristopher,108,0,hilly,1859,199.2,0,GC,6.4094,0,0
WellensTim,109,0,hilly,1859,199.2,0,GC,6.7795,0,0
ZingleAxel,110,0,hilly,1859,199.2,0,Classic,6.7795,0,0
KristoffAlexander,111,0,hilly,1859,199.2,0,Classic,6.7795,0,0
VercherMattéo,112,0,hilly,1859,199.2,0,Hills,6.7795,0,0
HerradaJesús,113,0,hilly,1859,199.2,0,GC,6.7795,0,0
RussoClément,114,0,hilly,1859,199.2,0,Classic,6.7795,0,0
WærenskjoldSøren,115,0,hilly,1859,199.2,0,Classic,6.7795,0,0
TurgisAnthony,116,0,hilly,1859,199.2,0,Classic,6.7795,0,0
GrignardSébastien,117,0,hilly,1859,199.2,0,Classic,6.7795,0,0
MezgecLuka,118,0,hilly,1859,199.2,0,Hills,6.7795,0,0
StuyvenJasper,119,0,hilly,1859,199.2,0,Classic,6.7795,0,0
BeullensCedric,120,0,hilly,1859,199.2,0,Classic,7.1848,0,0
DeclercqTim,121,0,hilly,1859,199.2,0,Classic,7.1848,0,0
WrightFred,122,0,hilly,1859,199.2,0,Hills,7.1848,0,0
van PoppelDanny,123,0,hilly,1859,199.2,0,Sprint,7.1848,0,0
PolittNils,124,0,hilly,1859,199.2,0,Classic,7.1848,0,0
GibbonsRyan,125,0,hilly,1859,199.2,0,Hills,7.1848,0,0
LampaertYves,126,0,hilly,1859,199.2,0,Classic,7.1848,0,0
RickaertJonas,127,0,hilly,1859,199.2,0,Classic,7.1848,0,0
ArndtNikias,128,0,hilly,1859,199.2,0,Hills,7.1848,0,0
RexLaurenz,129,0,hilly,1859,199.2,0,Classic,7.1848,0,0
StewartJake,130,0,hilly,1859,199.2,0,Hills,7.1848,0,0
ReindersElmar,131,0,hilly,1859,199.2,0,Classic,7.1848,0,0
LazkanoOier,132,0,hilly,1859,199.2,0,Classic,7.1848,0,0
MatthewsMichael,133,0,hilly,1859,199.2,0,Classic,7.1848,0,0
GodonDorian,134,0,hilly,1859,199.2,0,Hills,7.1848,0,0
BauhausPhil,135,0,hilly,1859,199.2,0,Sprint,7.1848,0,0
VermeerschGianni,136,0,hilly,1859,199.2,0,Classic,7.1848,0,0
van den BergMarijn,137,0,hilly,1859,199.2,0,Hills,7.1848,0,0
NaesenOliver,138,0,hilly,1859,199.2,0,Classic,7.1848,0,0
DurbridgeLuke,139,0,hilly,1859,199.2,0,TT,7.1848,0,0
PedersenMads,140,0,hilly,1859,199.2,0,Classic,7.1848,0,0
BennettSam,141,0,hilly,1859,199.2,0,Sprint,7.1848,0,0
PhilipsenJasper,142,0,hilly,1859,199.2,0,Sprint,7.1848,0,0
QuinnSean,143,0,hilly,1859,199.2,0,GC,7.1848,0,0
CortMagnus,144,0,hilly,1859,199.2,0,Hills,7.1848,0,0
HallerMarco,145,0,hilly,1859,199.2,0,Classic,7.1848,0,0
ThijssenGerben,146,0,hilly,1859,199.2,0,Sprint,7.1848,0,0
BurgaudeauMathieu,147,0,hilly,1859,199.2,0,Hills,7.1848,0,0
CastroviejoJonathan,148,0,hilly,1859,199.2,0,TT,7.1848,0,0
AllegaertPiet,149,0,hilly,1859,199.2,0,Classic,7.1848,0,0
TurnerBen,150,0,hilly,1859,199.2,0,Hills,7.1848,0,0
PedersenCasper,151,0,hilly,1859,199.2,0,Classic,7.1848,0,0
GhysRobbe,152,0,hilly,1859,199.2,0,Classic,7.1848,0,0
RenardAlexis,153,0,hilly,1859,199.2,0,Classic,7.1848,0,0
HirtJan,154,0,hilly,1859,199.2,0,GC,7.1848,0,0
PageHugo,155,0,hilly,1859,199.2,0,Classic,7.1848,0,0
De LieArnaud,156,0,hilly,1859,199.2,0,Classic,7.1848,0,0
BettiolAlberto,157,0,hilly,1859,199.2,0,Classic,7.1848,0,0
BisseggerStefan,158,0,hilly,1859,199.2,0,TT,7.1848,0,0
DegenkolbJohn,159,0,hilly,1859,199.2,0,Classic,7.1848,0,0
GroenewegenDylan,160,0,hilly,1859,199.2,0,Sprint,7.1848,0,0
DriznersJarrad,161,0,hilly,1859,199.2,0,GC,7.1848,0,0
DémareArnaud,162,0,hilly,1859,199.2,0,Classic,7.2671,0,0
MozzatoLuca,163,0,hilly,1859,199.2,0,Classic,7.2671,0,0
CapiotAmaury,164,0,hilly,1859,199.2,0,Classic,7.2671,0,0
García PiernaRaúl,165,0,hilly,1859,199.2,0,GC,7.2671,0,0
BalleriniDavide,166,0,hilly,1859,199.2,0,Classic,8.6653,0,0
CavendishMark,167,0,hilly,1859,199.2,0,Sprint,8.6653,0,0
McLayDaniel,168,0,hilly,1859,199.2,0,Sprint,8.6653,0,0
FedorovYevgeniy,169,0,hilly,1859,199.2,0,Classic,8.6653,0,0
GaviriaFernando,170,0,hilly,1859,199.2,0,Sprint,8.6653,0,0
WeltenBram,171,0,hilly,1859,199.2,0,Classic,8.6653,0,0
JakobsenFabio,172,0,hilly,1859,199.2,0,Sprint,8.6653,0,0
MørkøvMichael,173,0,hilly,1859,199.2,0,Classic,8.6653,0,0
BolCees,174,0,hilly,1859,199.2,0,Sprint,8.6653,0,0
EekhoffNils,175,0,hilly,1859,199.2,0,Classic,8.6653,0,0
GirmayBiniam,1,1,hilly,2334,183.4,0,Classic,0.0,0,0
PhilipsenJasper,2,0,hilly,2334,183.4,0,Sprint,0.0,0,0
De LieArnaud,3,0,hilly,2334,183.4,0,Classic,0.0,0,0
AckermannPascal,4,0,hilly,2334,183.4,0,Sprint,0.0,0,0
van den BergMarijn,5,0,hilly,2334,183.4,0,Hills,0.0,0,0
GibbonsRyan,6,0,hilly,2334,183.4,0,Hills,0.0,0,0
TurgisAnthony,7,0,hilly,2334,183.4,0,Classic,0.0,0,0
WrightFred,8,0,hilly,2334,183.4,0,Hills,0.0,0,0
AranburuAlex,9,0,hilly,2334,183.4,0,Classic,0.0,0,0
EvenepoelRemco,10,0,hilly,2334,183.4,0,TT,0.0,0,0
Kragh AndersenSøren,11,0,hilly,2334,183.4,0,TT,0.0,0,0
KristoffAlexander,12,0,hilly,2334,183.4,0,Classic,0.0,0,0
PogačarTadej,13,0,hilly,2334,183.4,0,Climber,0.0,0,0
ArndtNikias,14,0,hilly,2334,183.4,0,Hills,0.0,0,0
RussoClément,15,0,hilly,2334,183.4,0,Classic,0.0,0,0
Van GilsMaxim,16,0,hilly,2334,183.4,0,Classic,0.0,0,0
JungelsBob,17,0,hilly,2334,183.4,0,TT,0.0,0,0
LauranceAxel,18,0,hilly,2334,183.4,0,Hills,0.0,0,0
BuitragoSantiago,19,0,hilly,2334,183.4,0,Climber,0.0,0,0
BolCees,20,0,hilly,2334,183.4,0,Sprint,0.0,0,0
SkujiņšToms,21,0,hilly,2334,183.4,0,Classic,0.0,0,0
MartinGuillaume,22,0,hilly,2334,183.4,0,Climber,0.0,0,0
Van WilderIlan,23,0,hilly,2334,183.4,0,GC,0.0,0,0
VlasovAleksandr,24,0,hilly,2334,183.4,0,Climber,0.0,0,0
GroenewegenDylan,25,0,hilly,2334,183.4,0,Sprint,0.0,0,0
EekhoffNils,26,0,hilly,2334,183.4,0,Classic,0.0,0,0
BennettSam,27,0,hilly,2334,183.4,0,Sprint,0.0,0,0
Gee-WestDerek,28,0,hilly,2334,183.4,0,Climber,0.0,0,0
HealyBen,29,0,hilly,2334,183.4,0,Climber,0.0,0,0
LandaMikel,30,0,hilly,2334,183.4,0,Climber,0.0,0,0
PidcockTom,31,0,hilly,2334,183.4,0,Classic,0.0,0,0
DémareArnaud,32,0,hilly,2334,183.4,0,Classic,0.0,0,0
VingegaardJonas,33,0,hilly,2334,183.4,0,GC,0.0,0,0
MosconGianni,34,0,hilly,2334,183.4,0,Classic,0.0,0,0
CortMagnus,35,0,hilly,2334,183.4,0,Hills,0.0,0,0
RogličPrimož,36,0,hilly,2334,183.4,0,Climber,0.0,0,0
CoquardBryan,37,0,hilly,2334,183.4,0,Sprint,0.0,0,0
CicconeGiulio,38,0,hilly,2334,183.4,0,Climber,0.0,0,0
RodríguezCarlos,39,0,hilly,2334,183.4,0,GC,0.0,0,0
JorgensonMatteo,40,0,hilly,2334,183.4,0,GC,0.0,0,0
MasEnric,41,0,hilly,2334,183.4,0,Climber,0.0,0,0
CrasSteff,42,0,hilly,2334,183.4,0,GC,0.0,0,0
CarapazRichard,43,0,hilly,2334,183.4,0,Climber,0.0,0,0
GrégoireRomain,44,0,hilly,2334,183.4,0,Classic,0.0,0,0
De PlusLaurens,45,0,hilly,2334,183.4,0,GC,0.0,0,0
BernalEgan,46,0,hilly,2334,183.4,0,GC,0.0,0,0
HaigJack,47,0,hilly,2334,183.4,0,GC,0.0,0,0
MeintjesLouis,48,0,hilly,2334,183.4,0,GC,0.0,0,0
YatesSimon,49,0,hilly,2334,183.4,0,Climber,0.0,0,0
HindleyJai,50,0,hilly,2334,183.4,0,Climber,0.0,0,0
AlmeidaJoão,51,0,hilly,2334,183.4,0,GC,0.0,0,0
YatesAdam,52,0,hilly,2334,183.4,0,Climber,0.0,0,0
SobreroMatteo,53,0,hilly,2334,183.4,0,TT,0.0,0,0
AyusoJuan,54,0,hilly,2334,183.4,0,Climber,0.0,0,0
PetersNans,55,0,hilly,2334,183.4,0,Classic,0.0,0,0
LapeiraPaul,56,0,hilly,2334,183.4,0,Classic,0.0,0,0
BilbaoPello,57,0,hilly,2334,183.4,0,Climber,0.0,0,0
ProdhommeNicolas,58,0,hilly,2334,183.4,0,GC,0.0,0,0
LaporteChristophe,59,0,hilly,2334,183.4,0,Classic,0.0,0,0
RomoJavier,60,0,hilly,2334,183.4,0,GC,0.0,0,0
GallFelix,61,0,hilly,2334,183.4,0,Climber,0.0,0,0
FormoloDavide,62,0,hilly,2334,183.4,0,Climber,0.0,0,0
DeclercqTim,63,0,hilly,2334,183.4,0,Classic,0.0,0,0
KüngStefan,64,0,hilly,2334,183.4,0,TT,0.0,0,0
TillerRasmus,65,0,hilly,2334,183.4,0,Classic,0.0,0,0
BernardJulien,66,0,hilly,2334,183.4,0,GC,0.0,0,0
ArmirailBruno,67,0,hilly,2334,183.4,0,TT,0.0,0,0
GachignardThomas,68,0,hilly,2334,183.4,0,GC,0.0,0,0
AllegaertPiet,69,0,hilly,2334,183.4,0,Classic,0.0,0,0
van PoppelDanny,70,0,hilly,2334,183.4,0,Sprint,0.0,0,0
ZimmermannGeorg,71,0,hilly,2334,183.4,0,Classic,0.0,0,0
JohannessenTobias Halland,72,0,hilly,2334,183.4,0,Climber,0.0,0,0
ZingleAxel,73,0,hilly,2334,183.4,0,Classic,0.0,0,0
BeullensCedric,74,0,hilly,2334,183.4,0,Classic,0.0,0,0
PolittNils,75,0,hilly,2334,183.4,0,Classic,0.0,0,0
HouleHugo,76,0,hilly,2334,183.4,0,GC,0.0,0,0
FedorovYevgeniy,77,0,hilly,2334,183.4,0,Classic,0.0,0,0
DenzNico,78,0,hilly,2334,183.4,0,Hills,0.0,0,0
KeldermanWilco,79,0,hilly,2334,183.4,0,GC,0.0,0,0
VeronaCarlos,80,0,hilly,2334,183.4,0,GC,0.0,0,0
WellensTim,81,0,hilly,2334,183.4,0,GC,0.0,0,0
LampaertYves,82,0,hilly,2334,183.4,0,Classic,0.0,0,0
GaviriaFernando,83,0,hilly,2334,183.4,0,Sprint,0.0,0,0
GhysRobbe,84,0,hilly,2334,183.4,0,Classic,0.0,0,0
MozzatoLuca,85,0,hilly,2334,183.4,0,Classic,0.0,0,0
CapiotAmaury,86,0,hilly,2334,183.4,0,Classic,0.0,0,0
MørkøvMichael,87,0,hilly,2334,183.4,0,Classic,0.0,0,0
CavendishMark,88,0,hilly,2334,183.4,0,Sprint,0.0,0,0
TeunissenMike,89,0,hilly,2334,183.4,0,Classic,0.0,0,0
MadouasValentin,90,0,hilly,2334,183.4,0,Classic,0.0,0,0
OliveiraNelson,91,0,hilly,2334,183.4,0,TT,0.0,0,0
VervaekeLouis,92,0,hilly,2334,183.4,0,GC,0.0,0,0
ThomasGeraint,93,0,hilly,2334,183.4,0,GC,0.0,0,0
GenietsKevin,94,0,hilly,2334,183.4,0,Classic,0.0,0,0
DegenkolbJohn,95,0,hilly,2334,183.4,0,Classic,0.0,0,0
García PiernaRaúl,96,0,hilly,2334,183.4,0,GC,0.0,0,0
StewartJake,97,0,hilly,2334,183.4,0,Hills,0.0,0,0
DillierSilvan,98,0,hilly,2334,183.4,0,Classic,0.0,0,0
VauquelinKévin,99,0,hilly,2334,183.4,0,GC,0.0,0,0
BenootTiesj,100,0,hilly,2334,183.4,0,Classic,0.0,0,0
van der PoelMathieu,101,0,hilly,2334,183.4,0,Classic,0.0,0,0
ReindersElmar,102,0,hilly,2334,183.4,0,Classic,0.0,0,0
PoelsWout,103,0,hilly,2334,183.4,0,Climber,0.0,0,0
WilliamsStephen,104,0,hilly,2334,183.4,0,GC,0.0,0,0
McLayDaniel,105,0,hilly,2334,183.4,0,Sprint,0.0,0,0
Juul-JensenChristopher,106,0,hilly,2334,183.4,0,GC,0.0,0,0
NeilandsKrists,107,0,hilly,2334,183.4,0,Classic,0.0,0,0
VermeerschGianni,108,0,hilly,2334,183.4,0,Classic,0.0,0,0
StuyvenJasper,109,0,hilly,2334,183.4,0,Classic,0.0,0,0
GodonDorian,110,0,hilly,2334,183.4,0,Hills,0.0,0,0
DurbridgeLuke,111,0,hilly,2334,183.4,0,TT,0.0,0,0
MezgecLuka,112,0,hilly,2334,183.4,0,Hills,0.0,0,0
MohoričMatej,113,0,hilly,2334,183.4,0,Classic,0.2859,0,0
PageHugo,114,0,hilly,2334,183.4,0,Classic,0.2859,0,0
RexLaurenz,115,0,hilly,2334,183.4,0,Classic,0.2859,0,0
LemmenBart,116,0,hilly,2334,183.4,0,GC,0.2859,0,0
RickaertJonas,117,0,hilly,2334,183.4,0,Classic,0.2859,0,0
SivakovPavel,118,0,hilly,2334,183.4,0,GC,0.2859,0,0
RenardAlexis,119,0,hilly,2334,183.4,0,Classic,0.2859,0,0
BoivinGuillaume,120,0,hilly,2334,183.4,0,Classic,0.2859,0,0
KwiatkowskiMichał,121,0,hilly,2334,183.4,0,Classic,0.2859,0,0
van den BroekFrank,122,0,hilly,2334,183.4,0,GC,0.2859,0,0
HallerMarco,123,0,hilly,2334,183.4,0,Classic,0.3744,0,0
NaesenOliver,124,0,hilly,2334,183.4,0,Classic,0.3744,0,0
ChampoussinClément,125,0,hilly,2334,183.4,0,Climber,0.4289,0,0
BalleriniDavide,126,0,hilly,2334,183.4,0,Classic,0.4289,0,0
BettiolAlberto,127,0,hilly,2334,183.4,0,Classic,0.4289,0,0
CostaRui,128,0,hilly,2334,183.4,0,GC,0.4901,0,0
Van MoerBrent,129,0,hilly,2334,183.4,0,Classic,0.5242,0,0
GrignardSébastien,130,0,hilly,2334,183.4,0,Classic,0.6195,0,0
BardetRomain,131,0,hilly,2334,183.4,0,Climber,0.6671,0,0
van AertWout,132,0,hilly,2334,183.4,0,Classic,0.6671,0,0
CampenaertsVictor,133,0,hilly,2334,183.4,0,TT,0.6671,0,0
PowlessNeilson,134,0,hilly,2334,183.4,0,Classic,0.6671,0,0
TejadaHarold,135,0,hilly,2334,183.4,0,Climber,0.6671,0,0
LutsenkoAlexey,136,0,hilly,2334,183.4,0,GC,0.6671,0,0
GoossensKobe,137,0,hilly,2334,183.4,0,Classic,0.6671,0,0
TratnikJan,138,0,hilly,2334,183.4,0,TT,0.6671,0,0
CastroviejoJonathan,139,0,hilly,2334,183.4,0,TT,0.6671,0,0
TurnerBen,140,0,hilly,2334,183.4,0,Hills,0.7148,0,0
AbrahamsenJonas,141,0,hilly,2334,183.4,0,Classic,0.7828,0,0
EikingOdd Christian,142,0,hilly,2334,183.4,0,GC,0.8033,0,0
HarperChris,143,0,hilly,2334,183.4,0,GC,1.3002,0,0
WeltenBram,144,0,hilly,2334,183.4,0,Classic,1.3002,0,0
QuinnSean,145,0,hilly,2334,183.4,0,GC,1.3002,0,0
JakobsenFabio,146,0,hilly,2334,183.4,0,Sprint,1.3002,0,0
ThijssenGerben,147,0,hilly,2334,183.4,0,Sprint,1.3002,0,0
DriznersJarrad,148,0,hilly,2334,183.4,0,GC,1.3002,0,0
OnleyOscar,149,0,hilly,2334,183.4,0,GC,2.1307,0,0
PacherQuentin,150,0,hilly,2334,183.4,0,Hills,2.1307,0,0
BarguilWarren,151,0,hilly,2334,183.4,0,Climber,2.3962,0,0
BurgaudeauMathieu,152,0,hilly,2334,183.4,0,Hills,2.3962,0,0
LazkanoOier,153,0,hilly,2334,183.4,0,Classic,2.3962,0,0
FuglsangJakob,154,0,hilly,2334,183.4,0,GC,2.3962,0,0
GauduDavid,155,0,hilly,2334,183.4,0,Climber,2.3962,0,0
MatthewsMichael,156,0,hilly,2334,183.4,0,Classic,2.3962,0,0
BisseggerStefan,157,0,hilly,2334,183.4,0,TT,2.3962,0,0
HerradaJesús,158,0,hilly,2334,183.4,0,GC,2.3962,0,0
MühlbergerGregor,159,0,hilly,2334,183.4,0,Climber,2.3962,0,0
MartinezLenny,160,0,hilly,2334,183.4,0,Climber,2.3962,0,0
SolerMarc,161,0,hilly,2334,183.4,0,Climber,3.5807,0,0
IzagirreIon,162,0,hilly,2334,183.4,0,GC,3.5807,0,0
RodríguezCristián,163,0,hilly,2334,183.4,0,GC,3.5807,0,0
GrellierFabien,164,0,hilly,2334,183.4,0,Classic,3.5807,0,0
VanhouckeHarm,165,0,hilly,2334,183.4,0,GC,3.5807,0,0
KulsetJohannes,166,0,hilly,2334,183.4,0,GC,3.5807,0,0
JegatJordan,167,0,hilly,2334,183.4,0,Climber,3.5807,0,0
BauhausPhil,168,0,hilly,2334,183.4,0,Sprint,3.5807,0,0
GeschkeSimon,169,0,hilly,2334,183.4,0,Climber,3.5807,0,0
HirtJan,170,0,hilly,2334,183.4,0,GC,3.5807,0,0
VercherMattéo,171,0,hilly,2334,183.4,0,Hills,3.5807,0,0
WærenskjoldSøren,172,0,hilly,2334,183.4,0,Classic,3.5807,0,0
DujardinSandy,173,0,hilly,2334,183.4,0,Classic,3.7509,0,0
TurgisAnthony,1,1,hilly,2012,199.0,0,Classic,0.0,0,0
PidcockTom,2,0,hilly,2012,199.0,0,Classic,0.0,0,0
Gee-WestDerek,3,0,hilly,2012,199.0,0,Climber,0.0,0,0
AranburuAlex,4,0,hilly,2012,199.0,0,Classic,0.0,0,0
HealyBen,5,0,hilly,2012,199.0,0,Climber,0.0128,0,0
LutsenkoAlexey,6,0,hilly,2012,199.0,0,GC,0.0128,0,0
RomoJavier,7,0,hilly,2012,199.0,0,GC,0.077,0,0
StuyvenJasper,8,0,hilly,2012,199.0,0,Classic,0.1155,0,0
GirmayBiniam,9,0,hilly,2012,199.0,0,Classic,0.4941,0,0
MatthewsMichael,10,0,hilly,2012,199.0,0,Classic,0.4941,0,0
van der PoelMathieu,11,0,hilly,2012,199.0,0,Classic,0.4941,0,0
TillerRasmus,12,0,hilly,2012,199.0,0,Classic,0.4941,0,0
CostaRui,13,0,hilly,2012,199.0,0,GC,0.4941,0,0
FuglsangJakob,14,0,hilly,2012,199.0,0,GC,0.4941,0,0
GauduDavid,15,0,hilly,2012,199.0,0,Climber,0.4941,0,0
AckermannPascal,16,0,hilly,2012,199.0,0,Sprint,0.6802,0,0
PageHugo,17,0,hilly,2012,199.0,0,Classic,0.6802,0,0
TeunissenMike,18,0,hilly,2012,199.0,0,Classic,0.6802,0,0
VermeerschGianni,19,0,hilly,2012,199.0,0,Classic,0.6802,0,0
MezgecLuka,20,0,hilly,2012,199.0,0,Hills,0.6802,0,0
AbrahamsenJonas,21,0,hilly,2012,199.0,0,Classic,0.6802,0,0
PacherQuentin,22,0,hilly,2012,199.0,0,Hills,0.6802,0,0
van den BergMarijn,23,0,hilly,2012,199.0,0,Hills,0.6802,0,0
CicconeGiulio,24,0,hilly,2012,199.0,0,Climber,0.6802,0,0
VlasovAleksandr,25,0,hilly,2012,199.0,0,Climber,0.6802,0,0
ChampoussinClément,26,0,hilly,2012,199.0,0,Climber,0.6802,0,0
OliveiraNelson,27,0,hilly,2012,199.0,0,TT,0.6802,0,0
NeilandsKrists,28,0,hilly,2012,199.0,0,Classic,0.6802,0,0
BisseggerStefan,29,0,hilly,2012,199.0,0,TT,0.6802,0,0
AlmeidaJoão,30,0,hilly,2012,199.0,0,GC,0.6802,0,0
RodríguezCristián,31,0,hilly,2012,199.0,0,GC,0.6802,0,0
RodríguezCarlos,32,0,hilly,2012,199.0,0,GC,0.6802,0,0
BilbaoPello,33,0,hilly,2012,199.0,0,Climber,0.6802,0,0
BuitragoSantiago,34,0,hilly,2012,199.0,0,Climber,0.6802,0,0
AyusoJuan,35,0,hilly,2012,199.0,0,Climber,0.6802,0,0
JorgensonMatteo,36,0,hilly,2012,199.0,0,GC,0.6802,0,0
RogličPrimož,37,0,hilly,2012,199.0,0,Climber,0.6802,0,0
HindleyJai,38,0,hilly,2012,199.0,0,Climber,0.6802,0,0
MartinGuillaume,39,0,hilly,2012,199.0,0,Climber,0.6802,0,0
KulsetJohannes,40,0,hilly,2012,199.0,0,GC,0.6802,0,0
HouleHugo,41,0,hilly,2012,199.0,0,GC,0.6802,0,0
GenietsKevin,42,0,hilly,2012,199.0,0,Classic,0.6802,0,0
Van GilsMaxim,43,0,hilly,2012,199.0,0,Classic,0.6802,0,0
PogačarTadej,44,0,hilly,2012,199.0,0,Climber,0.6802,0,0
EvenepoelRemco,45,0,hilly,2012,199.0,0,TT,0.6802,0,0
YatesAdam,46,0,hilly,2012,199.0,0,Climber,0.6802,0,0
VervaekeLouis,47,0,hilly,2012,199.0,0,GC,0.6802,0,0
HaigJack,48,0,hilly,2012,199.0,0,GC,0.6802,0,0
VingegaardJonas,49,0,hilly,2012,199.0,0,GC,0.6802,0,0
KwiatkowskiMichał,50,0,hilly,2012,199.0,0,Classic,0.6802,0,0
BernalEgan,51,0,hilly,2012,199.0,0,GC,0.6802,0,0
MasEnric,52,0,hilly,2012,199.0,0,Climber,0.6802,0,0
LandaMikel,53,0,hilly,2012,199.0,0,Climber,0.6802,0,0
van AertWout,54,0,hilly,2012,199.0,0,Classic,0.6802,0,0
NaesenOliver,55,0,hilly,2012,199.0,0,Classic,0.6802,0,0
GallFelix,56,0,hilly,2012,199.0,0,Climber,0.6802,0,0
BarguilWarren,57,0,hilly,2012,199.0,0,Climber,0.6802,0,0
LaporteChristophe,58,0,hilly,2012,199.0,0,Classic,0.6802,0,0
BernardJulien,59,0,hilly,2012,199.0,0,GC,0.6802,0,0
CrasSteff,60,0,hilly,2012,199.0,0,GC,0.6802,0,0
SolerMarc,61,0,hilly,2012,199.0,0,Climber,0.6802,0,0
ThomasGeraint,62,0,hilly,2012,199.0,0,GC,0.6802,0,0
De PlusLaurens,63,0,hilly,2012,199.0,0,GC,0.6802,0,0
FormoloDavide,64,0,hilly,2012,199.0,0,Climber,0.6802,0,0
DenzNico,65,0,hilly,2012,199.0,0,Hills,0.6802,0,0
van den BroekFrank,66,0,hilly,2012,199.0,0,GC,0.6802,0,0
SkujiņšToms,67,0,hilly,2012,199.0,0,Classic,0.6802,0,0
PolittNils,68,0,hilly,2012,199.0,0,Classic,0.8856,0,0
AllegaertPiet,69,0,hilly,2012,199.0,0,Classic,0.9433,0,0
GodonDorian,70,0,hilly,2012,199.0,0,Hills,1.0139,0,0
GachignardThomas,71,0,hilly,2012,199.0,0,GC,1.1808,0,0
KeldermanWilco,72,0,hilly,2012,199.0,0,GC,2.3744,0,0
WellensTim,73,0,hilly,2012,199.0,0,GC,3.1445,0,0
StewartJake,74,0,hilly,2012,199.0,0,Hills,3.5808,0,0
CoquardBryan,75,0,hilly,2012,199.0,0,Sprint,3.5808,0,0
WrightFred,76,0,hilly,2012,199.0,0,Hills,3.5808,0,0
BettiolAlberto,77,0,hilly,2012,199.0,0,Classic,3.5808,0,0
JungelsBob,78,0,hilly,2012,199.0,0,TT,3.5808,0,0
SivakovPavel,79,0,hilly,2012,199.0,0,GC,3.5808,0,0
GoossensKobe,80,0,hilly,2012,199.0,0,Classic,4.5049,0,0
MeintjesLouis,81,0,hilly,2012,199.0,0,GC,4.5049,0,0
TratnikJan,82,0,hilly,2012,199.0,0,TT,4.5049,0,0
DillierSilvan,83,0,hilly,2012,199.0,0,Classic,4.5049,0,0
RussoClément,84,0,hilly,2012,199.0,0,Classic,4.5049,0,0
MadouasValentin,85,0,hilly,2012,199.0,0,Classic,4.5049,0,0
BenootTiesj,86,0,hilly,2012,199.0,0,Classic,4.5049,0,0
DeclercqTim,87,0,hilly,2012,199.0,0,Classic,4.5049,0,0
LampaertYves,88,0,hilly,2012,199.0,0,Classic,4.5049,0,0
GrégoireRomain,89,0,hilly,2012,199.0,0,Classic,4.5049,0,0
LemmenBart,90,0,hilly,2012,199.0,0,GC,4.5049,0,0
VauquelinKévin,91,0,hilly,2012,199.0,0,GC,4.5049,0,0
WærenskjoldSøren,92,0,hilly,2012,199.0,0,Classic,4.5049,0,0
CastroviejoJonathan,93,0,hilly,2012,199.0,0,TT,4.5049,0,0
BeullensCedric,94,0,hilly,2012,199.0,0,Classic,4.5049,0,0
KüngStefan,95,0,hilly,2012,199.0,0,TT,4.5049,0,0
TurnerBen,96,0,hilly,2012,199.0,0,Hills,4.5049,0,0
GibbonsRyan,97,0,hilly,2012,199.0,0,Hills,4.5049,0,0
EikingOdd Christian,98,0,hilly,2012,199.0,0,GC,4.5049,0,0
MozzatoLuca,99,0,hilly,2012,199.0,0,Classic,4.5049,0,0
SobreroMatteo,100,0,hilly,2012,199.0,0,TT,4.5049,0,0
Van WilderIlan,101,0,hilly,2012,199.0,0,GC,4.5049,0,0
DegenkolbJohn,102,0,hilly,2012,199.0,0,Classic,4.5049,0,0
PetersNans,103,0,hilly,2012,199.0,0,Classic,4.5049,0,0
BardetRomain,104,0,hilly,2012,199.0,0,Climber,4.5049,0,0
VeronaCarlos,105,0,hilly,2012,199.0,0,GC,4.5049,0,0
CampenaertsVictor,106,0,hilly,2012,199.0,0,TT,4.5049,0,0
Van MoerBrent,107,0,hilly,2012,199.0,0,Classic,4.5049,0,0
PhilipsenJasper,108,0,hilly,2012,199.0,0,Sprint,4.5049,0,0
ZimmermannGeorg,109,0,hilly,2012,199.0,0,Classic,4.5049,0,0
RexLaurenz,110,0,hilly,2012,199.0,0,Classic,4.5049,0,0
ZingleAxel,111,0,hilly,2012,199.0,0,Classic,4.5049,0,0
ProdhommeNicolas,112,0,hilly,2012,199.0,0,GC,4.5049,0,0
ArmirailBruno,113,0,hilly,2012,199.0,0,TT,4.5049,0,0
CarapazRichard,114,0,hilly,2012,199.0,0,Climber,4.5049,0,0
BurgaudeauMathieu,115,0,hilly,2012,199.0,0,Hills,4.5049,0,0
JegatJordan,116,0,hilly,2012,199.0,0,Climber,4.5049,0,0
GrellierFabien,117,0,hilly,2012,199.0,0,Classic,4.5049,0,0
LapeiraPaul,118,0,hilly,2012,199.0,0,Classic,4.5049,0,0
GrignardSébastien,119,0,hilly,2012,199.0,0,Classic,4.5049,0,0
DémareArnaud,120,0,hilly,2012,199.0,0,Classic,4.5049,0,0
McLayDaniel,121,0,hilly,2012,199.0,0,Sprint,4.5049,0,0
HallerMarco,122,0,hilly,2012,199.0,0,Classic,4.5049,0,0
BoivinGuillaume,123,0,hilly,2012,199.0,0,Classic,4.5049,0,0
CavendishMark,124,0,hilly,2012,199.0,0,Sprint,4.5049,0,0
MørkøvMichael,125,0,hilly,2012,199.0,0,Classic,4.5049,0,0
FedorovYevgeniy,126,0,hilly,2012,199.0,0,Classic,4.5049,0,0
HerradaJesús,127,0,hilly,2012,199.0,0,GC,4.5049,0,0
Juul-JensenChristopher,128,0,hilly,2012,199.0,0,GC,4.5049,0,0
Kragh AndersenSøren,129,0,hilly,2012,199.0,0,TT,4.5049,0,0
LauranceAxel,130,0,hilly,2012,199.0,0,Hills,4.5049,0,0
PoelsWout,131,0,hilly,2012,199.0,0,Climber,4.5049,0,0
OnleyOscar,132,0,hilly,2012,199.0,0,GC,4.5049,0,0
HarperChris,133,0,hilly,2012,199.0,0,GC,4.5049,0,0
WilliamsStephen,134,0,hilly,2012,199.0,0,GC,4.5049,0,0
CortMagnus,135,0,hilly,2012,199.0,0,Hills,4.5049,0,0
BolCees,136,0,hilly,2012,199.0,0,Sprint,4.5049,0,0
GeschkeSimon,137,0,hilly,2012,199.0,0,Climber,4.5049,0,0
YatesSimon,138,0,hilly,2012,199.0,0,Climber,4.5049,0,0
TejadaHarold,139,0,hilly,2012,199.0,0,Climber,4.5049,0,0
HirtJan,140,0,hilly,2012,199.0,0,GC,4.5049,0,0
GaviriaFernando,141,0,hilly,2012,199.0,0,Sprint,4.5049,0,0
LazkanoOier,142,0,hilly,2012,199.0,0,Classic,4.5049,0,0
PowlessNeilson,143,0,hilly,2012,199.0,0,Classic,4.5049,0,0
De LieArnaud,144,0,hilly,2012,199.0,0,Classic,4.5049,0,0
MühlbergerGregor,145,0,hilly,2012,199.0,0,Climber,4.5049,0,0
VercherMattéo,146,0,hilly,2012,199.0,0,Hills,4.6268,0,0
MosconGianni,147,0,hilly,2012,199.0,0,Classic,4.6268,0,0
MartinezLenny,148,0,hilly,2012,199.0,0,Climber,4.6268,0,0
DujardinSandy,149,0,hilly,2012,199.0,0,Classic,5.5124,0,0
QuinnSean,150,0,hilly,2012,199.0,0,GC,5.7948,0,0
DurbridgeLuke,151,0,hilly,2012,199.0,0,TT,6.0001,0,0
RenardAlexis,152,0,hilly,2012,199.0,0,Classic,6.9627,0,0
CapiotAmaury,153,0,hilly,2012,199.0,0,Classic,6.9627,0,0
ArndtNikias,154,0,hilly,2012,199.0,0,Hills,6.9627,0,0
van PoppelDanny,155,0,hilly,2012,199.0,0,Sprint,6.9627,0,0
MohoričMatej,156,0,hilly,2012,199.0,0,Classic,6.9627,0,0
BauhausPhil,157,0,hilly,2012,199.0,0,Sprint,6.9627,0,0
VanhouckeHarm,158,0,hilly,2012,199.0,0,GC,6.9627,0,0
ReindersElmar,159,0,hilly,2012,199.0,0,Classic,6.9627,0,0
GroenewegenDylan,160,0,hilly,2012,199.0,0,Sprint,6.9627,0,0
GhysRobbe,161,0,hilly,2012,199.0,0,Classic,6.9627,0,0
KristoffAlexander,162,0,hilly,2012,199.0,0,Classic,6.9627,0,0
IzagirreIon,163,0,hilly,2012,199.0,0,GC,6.9627,0,0
RickaertJonas,164,0,hilly,2012,199.0,0,Classic,6.9627,0,0
BennettSam,165,0,hilly,2012,199.0,0,Sprint,6.9627,0,0
García PiernaRaúl,166,0,hilly,2012,199.0,0,GC,6.9627,0,0
JohannessenTobias Halland,167,0,hilly,2012,199.0,0,Climber,6.9627,0,0
BalleriniDavide,168,0,hilly,2012,199.0,0,Classic,6.9627,0,0
DriznersJarrad,169,0,hilly,2012,199.0,0,GC,6.9627,0,0
EekhoffNils,170,0,hilly,2012,199.0,0,Classic,10.55,0,0
WeltenBram,171,0,hilly,2012,199.0,0,Classic,10.55,0,0
JakobsenFabio,172,0,hilly,2012,199.0,0,Sprint,10.55,0,0
ThijssenGerben,173,0,hilly,2012,199.0,0,Sprint,10.55,0,0
PogačarTadej,1,1,mountain,5071,197.7,0,Climber,0.0,0,0
VingegaardJonas,2,0,mountain,5071,197.7,0,GC,0.361,0,0
EvenepoelRemco,3,0,mountain,5071,197.7,0,TT,0.9079,0,0
LandaMikel,4,0,mountain,5071,197.7,0,Climber,1.2424,0,0
AlmeidaJoão,5,0,mountain,5071,197.7,0,GC,1.5025,0,0
YatesAdam,6,0,mountain,5071,197.7,0,Climber,1.5715,0,0
BuitragoSantiago,7,0,mountain,5071,197.7,0,Climber,1.6353,0,0
RodríguezCarlos,8,0,mountain,5071,197.7,0,GC,1.6353,0,0
CarapazRichard,9,0,mountain,5071,197.7,0,Climber,1.8105,0,0
GallFelix,10,0,mountain,5071,197.7,0,Climber,1.8954,0,0
JohannessenTobias Halland,11,0,mountain,5071,197.7,0,Climber,2.0547,0,0
Gee-WestDerek,12,0,mountain,5071,197.7,0,Climber,2.0653,0,0
CicconeGiulio,13,0,mountain,5071,197.7,0,Climber,2.0653,0,0
De PlusLaurens,14,0,mountain,5071,197.7,0,GC,2.198,0,0
MasEnric,15,0,mountain,5071,197.7,0,Climber,2.4157,0,0
HindleyJai,16,0,mountain,5071,197.7,0,Climber,2.7821,0,0
JorgensonMatteo,17,0,mountain,5071,197.7,0,GC,3.0263,0,0
YatesSimon,18,0,mountain,5071,197.7,0,Climber,3.4085,0,0
HealyBen,19,0,mountain,5071,197.7,0,Climber,4.3058,0,0
MartinGuillaume,20,0,mountain,5071,197.7,0,Climber,4.3058,0,0
VeronaCarlos,21,0,mountain,5071,197.7,0,GC,5.9145,0,0
TejadaHarold,22,0,mountain,5071,197.7,0,Climber,6.0366,0,0
CrasSteff,23,0,mountain,5071,197.7,0,GC,6.4826,0,0
FuglsangJakob,24,0,mountain,5071,197.7,0,GC,6.6791,0,0
KeldermanWilco,25,0,mountain,5071,197.7,0,GC,6.987,0,0
SolerMarc,26,0,mountain,5071,197.7,0,Climber,6.987,0,0
JungelsBob,27,0,mountain,5071,197.7,0,TT,7.0242,0,0
MeintjesLouis,28,0,mountain,5071,197.7,0,GC,7.0242,0,0
RodríguezCristián,29,0,mountain,5071,197.7,0,GC,7.4808,0,0
JegatJordan,30,0,mountain,5071,197.7,0,Climber,7.502,0,0
SobreroMatteo,31,0,mountain,5071,197.7,0,TT,8.6116,0,0
RomoJavier,32,0,mountain,5071,197.7,0,GC,8.6116,0,0
BardetRomain,33,0,mountain,5071,197.7,0,Climber,9.2381,0,0
SivakovPavel,34,0,mountain,5071,197.7,0,GC,9.2381,0,0
BurgaudeauMathieu,35,0,mountain,5071,197.7,0,Hills,9.2381,0,0
HarperChris,36,0,mountain,5071,197.7,0,GC,9.2381,0,0
OnleyOscar,37,0,mountain,5071,197.7,0,GC,9.6204,0,0
Van WilderIlan,38,0,mountain,5071,197.7,0,GC,9.6204,0,0
BernardJulien,39,0,mountain,5071,197.7,0,GC,9.9549,0,0
BarguilWarren,40,0,mountain,5071,197.7,0,Climber,9.9655,0,0
MartinezLenny,41,0,mountain,5071,197.7,0,Climber,10.215,0,0
GrégoireRomain,42,0,mountain,5071,197.7,0,Classic,10.215,0,0
WellensTim,43,0,mountain,5071,197.7,0,GC,11.537,0,0
SkujiņšToms,44,0,mountain,5071,197.7,0,Classic,11.5583,0,0
PolittNils,45,0,mountain,5071,197.7,0,Classic,12.052,0,0
KulsetJohannes,46,0,mountain,5071,197.7,0,GC,12.1635,0,0
EikingOdd Christian,47,0,mountain,5071,197.7,0,GC,12.1635,0,0
RussoClément,48,0,mountain,5071,197.7,0,Classic,13.0608,0,0
AbrahamsenJonas,49,0,mountain,5071,197.7,0,Classic,13.0608,0,0
GenietsKevin,50,0,mountain,5071,197.7,0,Classic,13.0608,0,0
PacherQuentin,51,0,mountain,5071,197.7,0,Hills,13.0608,0,0
PowlessNeilson,52,0,mountain,5071,197.7,0,Classic,13.0608,0,0
BenootTiesj,53,0,mountain,5071,197.7,0,Classic,13.0608,0,0
CastroviejoJonathan,54,0,mountain,5071,197.7,0,TT,13.0608,0,0
ZimmermannGeorg,55,0,mountain,5071,197.7,0,Classic,13.0608,0,0
HallerMarco,56,0,mountain,5071,197.7,0,Classic,13.0608,0,0
CostaRui,57,0,mountain,5071,197.7,0,GC,13.0608,0,0
TratnikJan,58,0,mountain,5071,197.7,0,TT,13.0608,0,0
MosconGianni,59,0,mountain,5071,197.7,0,Classic,13.0608,0,0
ProdhommeNicolas,60,0,mountain,5071,197.7,0,GC,13.0608,0,0
StuyvenJasper,61,0,mountain,5071,197.7,0,Classic,13.0608,0,0
FormoloDavide,62,0,mountain,5071,197.7,0,Climber,13.0608,0,0
NaesenOliver,63,0,mountain,5071,197.7,0,Classic,13.0608,0,0
Van MoerBrent,64,0,mountain,5071,197.7,0,Classic,13.0608,0,0
PetersNans,65,0,mountain,5071,197.7,0,Classic,13.0608,0,0
OliveiraNelson,66,0,mountain,5071,197.7,0,TT,13.0608,0,0
HouleHugo,67,0,mountain,5071,197.7,0,GC,13.0608,0,0
HirtJan,68,0,mountain,5071,197.7,0,GC,13.0608,0,0
NeilandsKrists,69,0,mountain,5071,197.7,0,Classic,13.0608,0,0
KwiatkowskiMichał,70,0,mountain,5071,197.7,0,Classic,13.0608,0,0
QuinnSean,71,0,mountain,5071,197.7,0,GC,13.0608,0,0
HaigJack,72,0,mountain,5071,197.7,0,GC,13.0608,0,0
LazkanoOier,73,0,mountain,5071,197.7,0,Classic,13.0608,0,0
MühlbergerGregor,74,0,mountain,5071,197.7,0,Climber,13.0608,0,0
GeschkeSimon,75,0,mountain,5071,197.7,0,Climber,13.0608,0,0
ThomasGeraint,76,0,mountain,5071,197.7,0,GC,13.0608,0,0
LapeiraPaul,77,0,mountain,5071,197.7,0,Classic,13.4962,0,0
ArmirailBruno,78,0,mountain,5071,197.7,0,TT,13.4962,0,0
BernalEgan,79,0,mountain,5071,197.7,0,GC,13.5121,0,0
KüngStefan,80,0,mountain,5071,197.7,0,TT,13.6183,0,0
CoquardBryan,81,0,mountain,5071,197.7,0,Sprint,13.6183,0,0
ZingleAxel,82,0,mountain,5071,197.7,0,Classic,13.6183,0,0
GibbonsRyan,83,0,mountain,5071,197.7,0,Hills,13.6183,0,0
AranburuAlex,84,0,mountain,5071,197.7,0,Classic,13.6183,0,0
MadouasValentin,85,0,mountain,5071,197.7,0,Classic,13.6183,0,0
van der PoelMathieu,86,0,mountain,5071,197.7,0,Classic,13.6183,0,0
GauduDavid,87,0,mountain,5071,197.7,0,Climber,13.8943,0,0
LemmenBart,88,0,mountain,5071,197.7,0,GC,13.9421,0,0
PoelsWout,89,0,mountain,5071,197.7,0,Climber,13.9421,0,0
TillerRasmus,90,0,mountain,5071,197.7,0,Classic,13.9421,0,0
GodonDorian,91,0,mountain,5071,197.7,0,Hills,13.9421,0,0
DenzNico,92,0,mountain,5071,197.7,0,Hills,14.0218,0,0
van PoppelDanny,93,0,mountain,5071,197.7,0,Sprint,14.0218,0,0
BisseggerStefan,94,0,mountain,5071,197.7,0,TT,14.0218,0,0
van den BergMarijn,95,0,mountain,5071,197.7,0,Hills,14.0218,0,0
van AertWout,96,0,mountain,5071,197.7,0,Classic,14.0377,0,0
TurnerBen,97,0,mountain,5071,197.7,0,Hills,14.0377,0,0
Juul-JensenChristopher,98,0,mountain,5071,197.7,0,GC,14.0377,0,0
LaporteChristophe,99,0,mountain,5071,197.7,0,Classic,14.0377,0,0
MatthewsMichael,100,0,mountain,5071,197.7,0,Classic,14.1173,0,0
GoossensKobe,101,0,mountain,5071,197.7,0,Classic,14.8447,0,0
RexLaurenz,102,0,mountain,5071,197.7,0,Classic,14.8447,0,0
DujardinSandy,103,0,mountain,5071,197.7,0,Classic,14.8447,0,0
GachignardThomas,104,0,mountain,5071,197.7,0,GC,14.8447,0,0
VauquelinKévin,105,0,mountain,5071,197.7,0,GC,14.8447,0,0
CampenaertsVictor,106,0,mountain,5071,197.7,0,TT,14.8447,0,0
Van GilsMaxim,107,0,mountain,5071,197.7,0,Classic,14.8447,0,0
van den BroekFrank,108,0,mountain,5071,197.7,0,GC,14.8447,0,0
StewartJake,109,0,mountain,5071,197.7,0,Hills,14.8447,0,0
VermeerschGianni,110,0,mountain,5071,197.7,0,Classic,14.8447,0,0
CortMagnus,111,0,mountain,5071,197.7,0,Hills,14.8447,0,0
ChampoussinClément,112,0,mountain,5071,197.7,0,Climber,14.8447,0,0
GrignardSébastien,113,0,mountain,5071,197.7,0,Classic,14.8447,0,0
LauranceAxel,114,0,mountain,5071,197.7,0,Hills,14.8447,0,0
TurgisAnthony,115,0,mountain,5071,197.7,0,Classic,14.8447,0,0
BeullensCedric,116,0,mountain,5071,197.7,0,Classic,14.8447,0,0
LampaertYves,117,0,mountain,5071,197.7,0,Classic,14.8447,0,0
AllegaertPiet,118,0,mountain,5071,197.7,0,Classic,14.8447,0,0
DillierSilvan,119,0,mountain,5071,197.7,0,Classic,14.8447,0,0
De LieArnaud,120,0,mountain,5071,197.7,0,Classic,14.8447,0,0
TeunissenMike,121,0,mountain,5071,197.7,0,Classic,14.8447,0,0
ArndtNikias,122,0,mountain,5071,197.7,0,Hills,14.8447,0,0
DriznersJarrad,123,0,mountain,5071,197.7,0,GC,14.8447,0,0
MozzatoLuca,124,0,mountain,5071,197.7,0,Classic,14.8447,0,0
PhilipsenJasper,125,0,mountain,5071,197.7,0,Sprint,14.8447,0,0
GirmayBiniam,126,0,mountain,5071,197.7,0,Classic,14.8447,0,0
GrellierFabien,127,0,mountain,5071,197.7,0,Classic,14.8447,0,0
VercherMattéo,128,0,mountain,5071,197.7,0,Hills,14.8447,0,0
PageHugo,129,0,mountain,5071,197.7,0,Classic,14.8447,0,0
AckermannPascal,130,0,mountain,5071,197.7,0,Sprint,14.9881,0,0
WærenskjoldSøren,131,0,mountain,5071,197.7,0,Classic,14.9881,0,0
VanhouckeHarm,132,0,mountain,5071,197.7,0,GC,15.0889,0,0
García PiernaRaúl,133,0,mountain,5071,197.7,0,GC,15.1102,0,0
ReindersElmar,134,0,mountain,5071,197.7,0,Classic,15.2164,0,0
DurbridgeLuke,135,0,mountain,5071,197.7,0,TT,15.2164,0,0
GroenewegenDylan,136,0,mountain,5071,197.7,0,Sprint,15.2164,0,0
WilliamsStephen,137,0,mountain,5071,197.7,0,GC,15.2164,0,0
GhysRobbe,138,0,mountain,5071,197.7,0,Classic,15.3013,0,0
McLayDaniel,139,0,mountain,5071,197.7,0,Sprint,15.45,0,0
BennettSam,140,0,mountain,5071,197.7,0,Sprint,15.4712,0,0
MohoričMatej,141,0,mountain,5071,197.7,0,Classic,16.0127,0,0
MezgecLuka,142,0,mountain,5071,197.7,0,Hills,16.0127,0,0
BauhausPhil,143,0,mountain,5071,197.7,0,Sprint,16.0127,0,0
KristoffAlexander,144,0,mountain,5071,197.7,0,Classic,16.0658,0,0
EekhoffNils,145,0,mountain,5071,197.7,0,Classic,16.1933,0,0
DegenkolbJohn,146,0,mountain,5071,197.7,0,Classic,16.2835,0,0
BalleriniDavide,147,0,mountain,5071,197.7,0,Classic,16.4322,0,0
LutsenkoAlexey,148,0,mountain,5071,197.7,0,GC,16.4322,0,0
BolCees,149,0,mountain,5071,197.7,0,Sprint,16.4322,0,0
CavendishMark,150,0,mountain,5071,197.7,0,Sprint,16.4322,0,0
GaviriaFernando,151,0,mountain,5071,197.7,0,Sprint,16.5755,0,0
DémareArnaud,152,0,mountain,5071,197.7,0,Classic,16.7613,0,0
PhilipsenJasper,1,1,flat,1176,188.6,0,Sprint,0.0,0,0
BauhausPhil,2,0,flat,1176,188.6,0,Sprint,0.0,0,0
KristoffAlexander,3,0,flat,1176,188.6,0,Classic,0.0,0,0
BennettSam,4,0,flat,1176,188.6,0,Sprint,0.0,0,0
van AertWout,5,0,flat,1176,188.6,0,Classic,0.0,0,0
AckermannPascal,6,0,flat,1176,188.6,0,Sprint,0.0,0,0
CoquardBryan,7,0,flat,1176,188.6,0,Sprint,0.0,0,0
WærenskjoldSøren,8,0,flat,1176,188.6,0,Classic,0.0,0,0
GibbonsRyan,9,0,flat,1176,188.6,0,Hills,0.0,0,0
van PoppelDanny,10,0,flat,1176,188.6,0,Sprint,0.0,0,0
BisseggerStefan,11,0,flat,1176,188.6,0,TT,0.0,0,0
van der PoelMathieu,12,0,flat,1176,188.6,0,Classic,0.0,0,0
TeunissenMike,13,0,flat,1176,188.6,0,Classic,0.0,0,0
GaviriaFernando,14,0,flat,1176,188.6,0,Sprint,0.0,0,0
ZingleAxel,15,0,flat,1176,188.6,0,Classic,0.0,0,0
RussoClément,16,0,flat,1176,188.6,0,Classic,0.0,0,0
CavendishMark,17,0,flat,1176,188.6,0,Sprint,0.0,0,0
DémareArnaud,18,0,flat,1176,188.6,0,Classic,0.0,0,0
GroenewegenDylan,19,0,flat,1176,188.6,0,Sprint,0.0,0,0
DegenkolbJohn,20,0,flat,1176,188.6,0,Classic,0.0,0,0
AllegaertPiet,21,0,flat,1176,188.6,0,Classic,0.0,0,0
TurgisAnthony,22,0,flat,1176,188.6,0,Classic,0.0,0,0
RexLaurenz,23,0,flat,1176,188.6,0,Classic,0.0,0,0
BalleriniDavide,24,0,flat,1176,188.6,0,Classic,0.0,0,0
McLayDaniel,25,0,flat,1176,188.6,0,Sprint,0.0,0,0
NaesenOliver,26,0,flat,1176,188.6,0,Classic,0.0,0,0
De LieArnaud,27,0,flat,1176,188.6,0,Classic,0.0,0,0
GhysRobbe,28,0,flat,1176,188.6,0,Classic,0.0,0,0
AbrahamsenJonas,29,0,flat,1176,188.6,0,Classic,0.0,0,0
StewartJake,30,0,flat,1176,188.6,0,Hills,0.0,0,0
BeullensCedric,31,0,flat,1176,188.6,0,Classic,0.0,0,0
LaporteChristophe,32,0,flat,1176,188.6,0,Classic,0.0,0,0
StuyvenJasper,33,0,flat,1176,188.6,0,Classic,0.0,0,0
ArndtNikias,34,0,flat,1176,188.6,0,Hills,0.0,0,0
TillerRasmus,35,0,flat,1176,188.6,0,Classic,0.0,0,0
PolittNils,36,0,flat,1176,188.6,0,Classic,0.0,0,0
PogačarTadej,37,0,flat,1176,188.6,0,Climber,0.0,0,0
Gee-WestDerek,38,0,flat,1176,188.6,0,Climber,0.0,0,0
HouleHugo,39,0,flat,1176,188.6,0,GC,0.0,0,0
MartinGuillaume,40,0,flat,1176,188.6,0,Climber,0.0,0,0
GodonDorian,41,0,flat,1176,188.6,0,Hills,0.0,0,0
MezgecLuka,42,0,flat,1176,188.6,0,Hills,0.0,0,0
NeilandsKrists,43,0,flat,1176,188.6,0,Classic,0.0,0,0
RodríguezCarlos,44,0,flat,1176,188.6,0,GC,0.0,0,0
ReindersElmar,45,0,flat,1176,188.6,0,Classic,0.0,0,0
VermeerschGianni,46,0,flat,1176,188.6,0,Classic,0.0,0,0
LauranceAxel,47,0,flat,1176,188.6,0,Hills,0.0,0,0
LampaertYves,48,0,flat,1176,188.6,0,Classic,0.0,0,0
MeintjesLouis,49,0,flat,1176,188.6,0,GC,0.0,0,0
CrasSteff,50,0,flat,1176,188.6,0,GC,0.0,0,0
CortMagnus,51,0,flat,1176,188.6,0,Hills,0.0,0,0
EekhoffNils,52,0,flat,1176,188.6,0,Classic,0.0,0,0
BolCees,53,0,flat,1176,188.6,0,Sprint,0.0,0,0
KüngStefan,54,0,flat,1176,188.6,0,TT,0.0,0,0
BernardJulien,55,0,flat,1176,188.6,0,GC,0.0,0,0
CicconeGiulio,56,0,flat,1176,188.6,0,Climber,0.0,0,0
PetersNans,57,0,flat,1176,188.6,0,Classic,0.0,0,0
RodríguezCristián,58,0,flat,1176,188.6,0,GC,0.0,0,0
GrégoireRomain,59,0,flat,1176,188.6,0,Classic,0.0,0,0
MadouasValentin,60,0,flat,1176,188.6,0,Classic,0.0,0,0
JegatJordan,61,0,flat,1176,188.6,0,Climber,0.0,0,0
JohannessenTobias Halland,62,0,flat,1176,188.6,0,Climber,0.0,0,0
DriznersJarrad,63,0,flat,1176,188.6,0,GC,0.0,0,0
PacherQuentin,64,0,flat,1176,188.6,0,Hills,0.0,0,0
HindleyJai,65,0,flat,1176,188.6,0,Climber,0.0,0,0
KwiatkowskiMichał,66,0,flat,1176,188.6,0,Classic,0.0,0,0
EikingOdd Christian,67,0,flat,1176,188.6,0,GC,0.0,0,0
EvenepoelRemco,68,0,flat,1176,188.6,0,TT,0.0,0,0
OnleyOscar,69,0,flat,1176,188.6,0,GC,0.0,0,0
Van WilderIlan,70,0,flat,1176,188.6,0,GC,0.0,0,0
AlmeidaJoão,71,0,flat,1176,188.6,0,GC,0.0,0,0
DillierSilvan,72,0,flat,1176,188.6,0,Classic,0.0,0,0
AranburuAlex,73,0,flat,1176,188.6,0,Classic,0.0,0,0
ArmirailBruno,74,0,flat,1176,188.6,0,TT,0.0,0,0
VeronaCarlos,75,0,flat,1176,188.6,0,GC,0.0,0,0
JorgensonMatteo,76,0,flat,1176,188.6,0,GC,0.0,0,0
van den BroekFrank,77,0,flat,1176,188.6,0,GC,0.0,0,0
GenietsKevin,78,0,flat,1176,188.6,0,Classic,0.0,0,0
LandaMikel,79,0,flat,1176,188.6,0,Climber,0.0,0,0
VingegaardJonas,80,0,flat,1176,188.6,0,GC,0.0,0,0
FormoloDavide,81,0,flat,1176,188.6,0,Climber,0.0,0,0
HallerMarco,82,0,flat,1176,188.6,0,Classic,0.0,0,0
YatesAdam,83,0,flat,1176,188.6,0,Climber,0.0,0,0
BuitragoSantiago,84,0,flat,1176,188.6,0,Climber,0.0,0,0
MosconGianni,85,0,flat,1176,188.6,0,Classic,0.0,0,0
SkujiņšToms,86,0,flat,1176,188.6,0,Classic,0.0,0,0
ProdhommeNicolas,87,0,flat,1176,188.6,0,GC,0.0,0,0
Van MoerBrent,88,0,flat,1176,188.6,0,Classic,0.0,0,0
LapeiraPaul,89,0,flat,1176,188.6,0,Classic,0.0,0,0
GallFelix,90,0,flat,1176,188.6,0,Climber,0.0,0,0
FuglsangJakob,91,0,flat,1176,188.6,0,GC,0.0,0,0
KeldermanWilco,92,0,flat,1176,188.6,0,GC,0.0,0,0
OliveiraNelson,93,0,flat,1176,188.6,0,TT,0.0,0,0
YatesSimon,94,0,flat,1176,188.6,0,Climber,0.0,0,0
KulsetJohannes,95,0,flat,1176,188.6,0,GC,0.0,0,0
HealyBen,96,0,flat,1176,188.6,0,Climber,0.0,0,0
CostaRui,97,0,flat,1176,188.6,0,GC,0.0,0,0
WilliamsStephen,98,0,flat,1176,188.6,0,GC,0.0,0,0
De PlusLaurens,99,0,flat,1176,188.6,0,GC,0.0,0,0
GeschkeSimon,100,0,flat,1176,188.6,0,Climber,0.0,0,0
García PiernaRaúl,101,0,flat,1176,188.6,0,GC,0.0,0,0
RomoJavier,102,0,flat,1176,188.6,0,GC,0.0,0,0
LazkanoOier,103,0,flat,1176,188.6,0,Classic,0.0,0,0
SobreroMatteo,104,0,flat,1176,188.6,0,TT,0.0,0,0
JungelsBob,105,0,flat,1176,188.6,0,TT,0.0,0,0
VauquelinKévin,106,0,flat,1176,188.6,0,GC,0.0,0,0
BurgaudeauMathieu,107,0,flat,1176,188.6,0,Hills,0.0,0,0
DenzNico,108,0,flat,1176,188.6,0,Hills,0.0,0,0
ZimmermannGeorg,109,0,flat,1176,188.6,0,Classic,0.0,0,0
BarguilWarren,110,0,flat,1176,188.6,0,Climber,0.0,0,0
PoelsWout,111,0,flat,1176,188.6,0,Climber,0.0,0,0
SivakovPavel,112,0,flat,1176,188.6,0,GC,0.3778,0,0
GachignardThomas,113,0,flat,1176,188.6,0,GC,0.3778,0,0
MatthewsMichael,114,0,flat,1176,188.6,0,Classic,0.3778,0,0
GrellierFabien,115,0,flat,1176,188.6,0,Classic,0.3778,0,0
HaigJack,116,0,flat,1176,188.6,0,GC,0.3778,0,0
TurnerBen,117,0,flat,1176,188.6,0,Hills,0.3778,0,0
VercherMattéo,118,0,flat,1176,188.6,0,Hills,0.3778,0,0
ThomasGeraint,119,0,flat,1176,188.6,0,GC,0.3778,0,0
CastroviejoJonathan,120,0,flat,1176,188.6,0,TT,0.3778,0,0
DurbridgeLuke,121,0,flat,1176,188.6,0,TT,0.3778,0,0
MozzatoLuca,122,0,flat,1176,188.6,0,Classic,0.6496,0,0
ChampoussinClément,123,0,flat,1176,188.6,0,Climber,0.6496,0,0
CampenaertsVictor,124,0,flat,1176,188.6,0,TT,0.6496,0,0
GrignardSébastien,125,0,flat,1176,188.6,0,Classic,0.6496,0,0
TratnikJan,126,0,flat,1176,188.6,0,TT,0.7622,0,0
MohoričMatej,127,0,flat,1176,188.6,0,Classic,0.7622,0,0
SolerMarc,128,0,flat,1176,188.6,0,Climber,0.7954,0,0
BenootTiesj,129,0,flat,1176,188.6,0,Classic,0.7954,0,0
DujardinSandy,130,0,flat,1176,188.6,0,Classic,0.7954,0,0
GauduDavid,131,0,flat,1176,188.6,0,Climber,0.7954,0,0
MartinezLenny,132,0,flat,1176,188.6,0,Climber,0.7954,0,0
LemmenBart,133,0,flat,1176,188.6,0,GC,0.7954,0,0
BardetRomain,134,0,flat,1176,188.6,0,Climber,0.7954,0,0
MühlbergerGregor,135,0,flat,1176,188.6,0,Climber,0.7954,0,0
MasEnric,136,0,flat,1176,188.6,0,Climber,0.7954,0,0
BernalEgan,137,0,flat,1176,188.6,0,GC,0.7954,0,0
HirtJan,138,0,flat,1176,188.6,0,GC,0.9942,0,0
VanhouckeHarm,139,0,flat,1176,188.6,0,GC,1.0937,0,0
PageHugo,140,0,flat,1176,188.6,0,Classic,1.1666,0,0
GirmayBiniam,141,0,flat,1176,188.6,0,Classic,1.1666,0,0
GoossensKobe,142,0,flat,1176,188.6,0,Classic,1.1666,0,0
van den BergMarijn,143,0,flat,1176,188.6,0,Hills,1.1666,0,0
PowlessNeilson,144,0,flat,1176,188.6,0,Classic,1.1666,0,0
QuinnSean,145,0,flat,1176,188.6,0,GC,1.1666,0,0
LutsenkoAlexey,146,0,flat,1176,188.6,0,GC,1.1666,0,0
CarapazRichard,147,0,flat,1176,188.6,0,Climber,1.1666,0,0
TejadaHarold,148,0,flat,1176,188.6,0,Climber,1.1666,0,0
WellensTim,149,0,flat,1176,188.6,0,GC,1.2262,0,0
Juul-JensenChristopher,150,0,flat,1176,188.6,0,GC,1.2262,0,0
CarapazRichard,1,1,hilly,3091,177.8,0,Climber,0.0,0,0
YatesSimon,2,0,hilly,3091,177.8,0,Climber,0.2505,0,0
MasEnric,3,0,hilly,3091,177.8,0,Climber,0.3858,0,0
De PlusLaurens,4,0,hilly,3091,177.8,0,GC,0.704,0,0
OnleyOscar,5,0,hilly,3091,177.8,0,GC,0.704,0,0
MartinGuillaume,6,0,hilly,3091,177.8,0,Climber,1.056,0,0
CortMagnus,7,0,hilly,3091,177.8,0,Hills,1.0695,0,0
PoelsWout,8,0,hilly,3091,177.8,0,Climber,1.0763,0,0
JegatJordan,9,0,hilly,3091,177.8,0,Climber,1.0763,0,0
AranburuAlex,10,0,hilly,3091,177.8,0,Classic,1.0763,0,0
SkujiņšToms,11,0,hilly,3091,177.8,0,Classic,1.0763,0,0
WilliamsStephen,12,0,hilly,3091,177.8,0,GC,1.0763,0,0
MeintjesLouis,13,0,hilly,3091,177.8,0,GC,1.0763,0,0
ArmirailBruno,14,0,hilly,3091,177.8,0,TT,1.0763,0,0
CrasSteff,15,0,hilly,3091,177.8,0,GC,1.1372,0,0
MadouasValentin,16,0,hilly,3091,177.8,0,Classic,1.1711,0,0
JungelsBob,17,0,hilly,3091,177.8,0,TT,1.1711,0,0
BernardJulien,18,0,hilly,3091,177.8,0,GC,1.2049,0,0
KulsetJohannes,19,0,hilly,3091,177.8,0,GC,1.7397,0,0
PacherQuentin,20,0,hilly,3091,177.8,0,Hills,1.9224,0,0
EikingOdd Christian,21,0,hilly,3091,177.8,0,GC,2.2609,0,0
RodríguezCristián,22,0,hilly,3091,177.8,0,GC,2.2609,0,0
VanhouckeHarm,23,0,hilly,3091,177.8,0,GC,2.7889,0,0
HallerMarco,24,0,hilly,3091,177.8,0,Classic,2.7889,0,0
GrégoireRomain,25,0,hilly,3091,177.8,0,Classic,2.8295,0,0
EvenepoelRemco,26,0,hilly,3091,177.8,0,TT,2.931,0,0
PogačarTadej,27,0,hilly,3091,177.8,0,Climber,2.9987,0,0
VingegaardJonas,28,0,hilly,3091,177.8,0,GC,3.0123,0,0
SivakovPavel,29,0,hilly,3091,177.8,0,GC,3.0799,0,0
BenootTiesj,30,0,hilly,3091,177.8,0,Classic,3.1679,0,0
HirtJan,31,0,hilly,3091,177.8,0,GC,3.2966,0,0
BardetRomain,32,0,hilly,3091,177.8,0,Climber,3.3507,0,0
van AertWout,33,0,hilly,3091,177.8,0,Classic,3.4252,0,0
BarguilWarren,34,0,hilly,3091,177.8,0,Climber,3.4929,0,0
KüngStefan,35,0,hilly,3091,177.8,0,TT,3.6756,0,0
AbrahamsenJonas,36,0,hilly,3091,177.8,0,Classic,3.6756,0,0
ZimmermannGeorg,37,0,hilly,3091,177.8,0,Classic,3.7704,0,0
Gee-WestDerek,38,0,hilly,3091,177.8,0,Climber,3.8313,0,0
BuitragoSantiago,39,0,hilly,3091,177.8,0,Climber,3.8313,0,0
GallFelix,40,0,hilly,3091,177.8,0,Climber,3.8313,0,0
CicconeGiulio,41,0,hilly,3091,177.8,0,Climber,3.8313,0,0
AlmeidaJoão,42,0,hilly,3091,177.8,0,GC,3.8313,0,0
YatesAdam,43,0,hilly,3091,177.8,0,Climber,3.8313,0,0
RodríguezCarlos,44,0,hilly,3091,177.8,0,GC,3.8313,0,0
LandaMikel,45,0,hilly,3091,177.8,0,Climber,3.8313,0,0
Van WilderIlan,46,0,hilly,3091,177.8,0,GC,3.8313,0,0
JorgensonMatteo,47,0,hilly,3091,177.8,0,GC,3.8313,0,0
VeronaCarlos,48,0,hilly,3091,177.8,0,GC,3.8313,0,0
TejadaHarold,49,0,hilly,3091,177.8,0,Climber,3.8313,0,0
GodonDorian,50,0,hilly,3091,177.8,0,Hills,4.0547,0,0
HaigJack,51,0,hilly,3091,177.8,0,GC,4.2104,0,0
BernalEgan,52,0,hilly,3091,177.8,0,GC,4.2104,0,0
LaporteChristophe,53,0,hilly,3091,177.8,0,Classic,5.1513,0,0
KeldermanWilco,54,0,hilly,3091,177.8,0,GC,5.1784,0,0
RomoJavier,55,0,hilly,3091,177.8,0,GC,6.3697,0,0
CastroviejoJonathan,56,0,hilly,3091,177.8,0,TT,6.3697,0,0
HindleyJai,57,0,hilly,3091,177.8,0,Climber,6.3697,0,0
SolerMarc,58,0,hilly,3091,177.8,0,Climber,6.3697,0,0
MartinezLenny,59,0,hilly,3091,177.8,0,Climber,6.3697,0,0
Juul-JensenChristopher,60,0,hilly,3091,177.8,0,GC,6.3697,0,0
FuglsangJakob,61,0,hilly,3091,177.8,0,GC,6.8233,0,0
ProdhommeNicolas,62,0,hilly,3091,177.8,0,GC,6.8233,0,0
PowlessNeilson,63,0,hilly,3091,177.8,0,Classic,7.1076,0,0
HealyBen,64,0,hilly,3091,177.8,0,Climber,7.1076,0,0
RussoClément,65,0,hilly,3091,177.8,0,Classic,7.1076,0,0
FormoloDavide,66,0,hilly,3091,177.8,0,Climber,7.1076,0,0
PetersNans,67,0,hilly,3091,177.8,0,Classic,7.1076,0,0
NaesenOliver,68,0,hilly,3091,177.8,0,Classic,7.1076,0,0
SobreroMatteo,69,0,hilly,3091,177.8,0,TT,7.1076,0,0
GoossensKobe,70,0,hilly,3091,177.8,0,Classic,7.1076,0,0
GachignardThomas,71,0,hilly,3091,177.8,0,GC,7.1076,0,0
NeilandsKrists,72,0,hilly,3091,177.8,0,Classic,7.1076,0,0
GauduDavid,73,0,hilly,3091,177.8,0,Climber,7.4528,0,0
ThomasGeraint,74,0,hilly,3091,177.8,0,GC,7.4528,0,0
GibbonsRyan,75,0,hilly,3091,177.8,0,Hills,7.5814,0,0
VauquelinKévin,76,0,hilly,3091,177.8,0,GC,7.7777,0,0
García PiernaRaúl,77,0,hilly,3091,177.8,0,GC,7.7777,0,0
LemmenBart,78,0,hilly,3091,177.8,0,GC,7.7777,0,0
OliveiraNelson,79,0,hilly,3091,177.8,0,TT,7.9943,0,0
StuyvenJasper,80,0,hilly,3091,177.8,0,Classic,8.0417,0,0
PolittNils,81,0,hilly,3091,177.8,0,Classic,8.1162,0,0
De LieArnaud,82,0,hilly,3091,177.8,0,Classic,9.1992,0,0
TurnerBen,83,0,hilly,3091,177.8,0,Hills,9.937,0,0
LauranceAxel,84,0,hilly,3091,177.8,0,Hills,9.9844,0,0
GrignardSébastien,85,0,hilly,3091,177.8,0,Classic,9.9844,0,0
ZingleAxel,86,0,hilly,3091,177.8,0,Classic,9.9844,0,0
JohannessenTobias Halland,87,0,hilly,3091,177.8,0,Climber,10.0115,0,0
TillerRasmus,88,0,hilly,3091,177.8,0,Classic,10.0115,0,0
GeschkeSimon,89,0,hilly,3091,177.8,0,Climber,10.0115,0,0
BeullensCedric,90,0,hilly,3091,177.8,0,Classic,10.0995,0,0
Van MoerBrent,91,0,hilly,3091,177.8,0,Classic,10.0995,0,0
StewartJake,92,0,hilly,3091,177.8,0,Hills,10.0995,0,0
AckermannPascal,93,0,hilly,3091,177.8,0,Sprint,10.0995,0,0
LapeiraPaul,94,0,hilly,3091,177.8,0,Classic,10.0995,0,0
MezgecLuka,95,0,hilly,3091,177.8,0,Hills,10.0995,0,0
TratnikJan,96,0,hilly,3091,177.8,0,TT,10.0995,0,0
MatthewsMichael,97,0,hilly,3091,177.8,0,Classic,10.0995,0,0
DurbridgeLuke,98,0,hilly,3091,177.8,0,TT,10.0995,0,0
van PoppelDanny,99,0,hilly,3091,177.8,0,Sprint,10.0995,0,0
van der PoelMathieu,100,0,hilly,3091,177.8,0,Classic,10.0995,0,0
ArndtNikias,101,0,hilly,3091,177.8,0,Hills,10.0995,0,0
QuinnSean,102,0,hilly,3091,177.8,0,GC,10.0995,0,0
CostaRui,103,0,hilly,3091,177.8,0,GC,10.0995,0,0
KristoffAlexander,104,0,hilly,3091,177.8,0,Classic,10.0995,0,0
van den BergMarijn,105,0,hilly,3091,177.8,0,Hills,10.0995,0,0
BisseggerStefan,106,0,hilly,3091,177.8,0,TT,10.0995,0,0
HouleHugo,107,0,hilly,3091,177.8,0,GC,10.0995,0,0
BurgaudeauMathieu,108,0,hilly,3091,177.8,0,Hills,10.0995,0,0
TeunissenMike,109,0,hilly,3091,177.8,0,Classic,10.0995,0,0
RexLaurenz,110,0,hilly,3091,177.8,0,Classic,10.0995,0,0
MohoričMatej,111,0,hilly,3091,177.8,0,Classic,10.0995,0,0
CoquardBryan,112,0,hilly,3091,177.8,0,Sprint,10.0995,0,0
DenzNico,113,0,hilly,3091,177.8,0,Hills,10.0995,0,0
GroenewegenDylan,114,0,hilly,3091,177.8,0,Sprint,10.0995,0,0
GirmayBiniam,115,0,hilly,3091,177.8,0,Classic,10.0995,0,0
LazkanoOier,116,0,hilly,3091,177.8,0,Classic,10.0995,0,0
MühlbergerGregor,117,0,hilly,3091,177.8,0,Climber,10.1469,0,0
DujardinSandy,118,0,hilly,3091,177.8,0,Classic,10.1469,0,0
VercherMattéo,119,0,hilly,3091,177.8,0,Hills,10.1469,0,0
AllegaertPiet,120,0,hilly,3091,177.8,0,Classic,10.1469,0,0
MosconGianni,121,0,hilly,3091,177.8,0,Classic,10.3703,0,0
VermeerschGianni,122,0,hilly,3091,177.8,0,Classic,11.0607,0,0
LampaertYves,123,0,hilly,3091,177.8,0,Classic,11.0607,0,0
WellensTim,124,0,hilly,3091,177.8,0,GC,11.0607,0,0
van den BroekFrank,125,0,hilly,3091,177.8,0,GC,11.0607,0,0
EekhoffNils,126,0,hilly,3091,177.8,0,Classic,11.0607,0,0
DegenkolbJohn,127,0,hilly,3091,177.8,0,Classic,11.0607,0,0
KwiatkowskiMichał,128,0,hilly,3091,177.8,0,Classic,11.0607,0,0
DillierSilvan,129,0,hilly,3091,177.8,0,Classic,11.0607,0,0
ChampoussinClément,130,0,hilly,3091,177.8,0,Climber,11.0607,0,0
MozzatoLuca,131,0,hilly,3091,177.8,0,Classic,11.0607,0,0
TurgisAnthony,132,0,hilly,3091,177.8,0,Classic,11.0607,0,0
CavendishMark,133,0,hilly,3091,177.8,0,Sprint,11.0607,0,0
DémareArnaud,134,0,hilly,3091,177.8,0,Classic,11.0607,0,0
CampenaertsVictor,135,0,hilly,3091,177.8,0,TT,11.0607,0,0
PhilipsenJasper,136,0,hilly,3091,177.8,0,Sprint,11.0607,0,0
GenietsKevin,137,0,hilly,3091,177.8,0,Classic,11.0607,0,0
PageHugo,138,0,hilly,3091,177.8,0,Classic,11.0607,0,0
McLayDaniel,139,0,hilly,3091,177.8,0,Sprint,11.0607,0,0
GrellierFabien,140,0,hilly,3091,177.8,0,Classic,11.0607,0,0
DriznersJarrad,141,0,hilly,3091,177.8,0,GC,11.0607,0,0
WærenskjoldSøren,142,0,hilly,3091,177.8,0,Classic,11.2232,0,0
BalleriniDavide,143,0,hilly,3091,177.8,0,Classic,11.3179,0,0
BolCees,144,0,hilly,3091,177.8,0,Sprint,11.3179,0,0
GhysRobbe,145,0,hilly,3091,177.8,0,Classic,11.5887,0,0
CampenaertsVictor,1,1,hilly,3123,179.5,0,TT,0.0,0,0
VercherMattéo,2,0,hilly,3123,179.5,0,Hills,0.0,0,0
KwiatkowskiMichał,3,0,hilly,3123,179.5,0,Classic,0.0,0,0
SkujiņšToms,4,0,hilly,3123,179.5,0,Classic,0.1465,0,0
LazkanoOier,5,0,hilly,3123,179.5,0,Classic,0.1465,0,0
LemmenBart,6,0,hilly,3123,179.5,0,GC,0.1465,0,0
NeilandsKrists,7,0,hilly,3123,179.5,0,Classic,0.1465,0,0
HindleyJai,8,0,hilly,3123,179.5,0,Climber,0.1465,0,0
van AertWout,9,0,hilly,3123,179.5,0,Classic,0.2463,0,0
MatthewsMichael,10,0,hilly,3123,179.5,0,Classic,0.2463,0,0
GodonDorian,11,0,hilly,3123,179.5,0,Hills,0.2463,0,0
PacherQuentin,12,0,hilly,3123,179.5,0,Hills,0.2463,0,0
García PiernaRaúl,13,0,hilly,3123,179.5,0,GC,0.2463,0,0
AranburuAlex,14,0,hilly,3123,179.5,0,Classic,0.2463,0,0
BernardJulien,15,0,hilly,3123,179.5,0,GC,0.2463,0,0
ChampoussinClément,16,0,hilly,3123,179.5,0,Climber,0.2463,0,0
BurgaudeauMathieu,17,0,hilly,3123,179.5,0,Hills,0.2463,0,0
JohannessenTobias Halland,18,0,hilly,3123,179.5,0,Climber,0.2463,0,0
HouleHugo,19,0,hilly,3123,179.5,0,GC,0.2463,0,0
JegatJordan,20,0,hilly,3123,179.5,0,Climber,0.2463,0,0
van den BroekFrank,21,0,hilly,3123,179.5,0,GC,0.2463,0,0
CrasSteff,22,0,hilly,3123,179.5,0,GC,0.2463,0,0
ZimmermannGeorg,23,0,hilly,3123,179.5,0,Classic,0.2463,0,0
MeintjesLouis,24,0,hilly,3123,179.5,0,GC,0.2463,0,0
QuinnSean,25,0,hilly,3123,179.5,0,GC,0.2463,0,0
PoelsWout,26,0,hilly,3123,179.5,0,Climber,0.2463,0,0
MadouasValentin,27,0,hilly,3123,179.5,0,Classic,0.2463,0,0
MartinGuillaume,28,0,hilly,3123,179.5,0,Climber,0.2463,0,0
MühlbergerGregor,29,0,hilly,3123,179.5,0,Climber,0.2463,0,0
CarapazRichard,30,0,hilly,3123,179.5,0,Climber,0.4594,0,0
ProdhommeNicolas,31,0,hilly,3123,179.5,0,GC,0.6991,0,0
ThomasGeraint,32,0,hilly,3123,179.5,0,GC,1.245,0,0
ArmirailBruno,33,0,hilly,3123,179.5,0,TT,1.3981,0,0
GibbonsRyan,34,0,hilly,3123,179.5,0,Hills,5.4594,0,0
NaesenOliver,35,0,hilly,3123,179.5,0,Classic,5.4594,0,0
KeldermanWilco,36,0,hilly,3123,179.5,0,GC,5.4594,0,0
BenootTiesj,37,0,hilly,3123,179.5,0,Classic,5.4594,0,0
JorgensonMatteo,38,0,hilly,3123,179.5,0,GC,5.4594,0,0
LaporteChristophe,39,0,hilly,3123,179.5,0,Classic,5.4594,0,0
VingegaardJonas,40,0,hilly,3123,179.5,0,GC,5.4594,0,0
TratnikJan,41,0,hilly,3123,179.5,0,TT,5.4594,0,0
PolittNils,42,0,hilly,3123,179.5,0,Classic,5.4594,0,0
AlmeidaJoão,43,0,hilly,3123,179.5,0,GC,5.4594,0,0
PogačarTadej,44,0,hilly,3123,179.5,0,Climber,5.4594,0,0
EvenepoelRemco,45,0,hilly,3123,179.5,0,TT,5.4594,0,0
SivakovPavel,46,0,hilly,3123,179.5,0,GC,5.4594,0,0
RodríguezCarlos,47,0,hilly,3123,179.5,0,GC,5.4594,0,0
LandaMikel,48,0,hilly,3123,179.5,0,Climber,5.4594,0,0
PetersNans,49,0,hilly,3123,179.5,0,Classic,5.4594,0,0
MosconGianni,50,0,hilly,3123,179.5,0,Classic,5.4594,0,0
LapeiraPaul,51,0,hilly,3123,179.5,0,Classic,5.4594,0,0
Van WilderIlan,52,0,hilly,3123,179.5,0,GC,5.4594,0,0
TurnerBen,53,0,hilly,3123,179.5,0,Hills,5.4594,0,0
GallFelix,54,0,hilly,3123,179.5,0,Climber,5.4594,0,0
CicconeGiulio,55,0,hilly,3123,179.5,0,Climber,5.4594,0,0
VeronaCarlos,56,0,hilly,3123,179.5,0,GC,5.4594,0,0
YatesAdam,57,0,hilly,3123,179.5,0,Climber,5.4594,0,0
HaigJack,58,0,hilly,3123,179.5,0,GC,5.4594,0,0
Gee-WestDerek,59,0,hilly,3123,179.5,0,Climber,5.4594,0,0
BuitragoSantiago,60,0,hilly,3123,179.5,0,Climber,5.4594,0,0
De PlusLaurens,61,0,hilly,3123,179.5,0,GC,5.4594,0,0
RussoClément,62,0,hilly,3123,179.5,0,Classic,5.4594,0,0
StuyvenJasper,63,0,hilly,3123,179.5,0,Classic,5.4594,0,0
HirtJan,64,0,hilly,3123,179.5,0,GC,5.4594,0,0
YatesSimon,65,0,hilly,3123,179.5,0,Climber,5.4594,0,0
PowlessNeilson,66,0,hilly,3123,179.5,0,Classic,5.4594,0,0
CastroviejoJonathan,67,0,hilly,3123,179.5,0,TT,5.4594,0,0
RodríguezCristián,68,0,hilly,3123,179.5,0,GC,5.4594,0,0
KüngStefan,69,0,hilly,3123,179.5,0,TT,5.4594,0,0
LampaertYves,70,0,hilly,3123,179.5,0,Classic,5.4594,0,0
BisseggerStefan,71,0,hilly,3123,179.5,0,TT,5.4594,0,0
GrégoireRomain,72,0,hilly,3123,179.5,0,Classic,5.4594,0,0
HallerMarco,73,0,hilly,3123,179.5,0,Classic,5.4594,0,0
JungelsBob,74,0,hilly,3123,179.5,0,TT,5.4594,0,0
CostaRui,75,0,hilly,3123,179.5,0,GC,5.4594,0,0
RomoJavier,76,0,hilly,3123,179.5,0,GC,5.4594,0,0
EikingOdd Christian,77,0,hilly,3123,179.5,0,GC,5.4594,0,0
ZingleAxel,78,0,hilly,3123,179.5,0,Classic,5.4594,0,0
CortMagnus,79,0,hilly,3123,179.5,0,Hills,5.4594,0,0
AbrahamsenJonas,80,0,hilly,3123,179.5,0,Classic,5.4594,0,0
SobreroMatteo,81,0,hilly,3123,179.5,0,TT,5.4594,0,0
OliveiraNelson,82,0,hilly,3123,179.5,0,TT,5.4594,0,0
VauquelinKévin,83,0,hilly,3123,179.5,0,GC,5.4594,0,0
ArndtNikias,84,0,hilly,3123,179.5,0,Hills,5.6791,0,0
SolerMarc,85,0,hilly,3123,179.5,0,Climber,5.8455,0,0
BernalEgan,86,0,hilly,3123,179.5,0,GC,5.9254,0,0
MohoričMatej,87,0,hilly,3123,179.5,0,Classic,6.1651,0,0
Van MoerBrent,88,0,hilly,3123,179.5,0,Classic,6.5446,0,0
StewartJake,89,0,hilly,3123,179.5,0,Hills,6.5446,0,0
MezgecLuka,90,0,hilly,3123,179.5,0,Hills,6.5446,0,0
FuglsangJakob,91,0,hilly,3123,179.5,0,GC,6.5446,0,0
BeullensCedric,92,0,hilly,3123,179.5,0,Classic,6.5846,0,0
De LieArnaud,93,0,hilly,3123,179.5,0,Classic,6.5846,0,0
TillerRasmus,94,0,hilly,3123,179.5,0,Classic,6.5846,0,0
van den BergMarijn,95,0,hilly,3123,179.5,0,Hills,6.5846,0,0
van der PoelMathieu,96,0,hilly,3123,179.5,0,Classic,6.5846,0,0
TeunissenMike,97,0,hilly,3123,179.5,0,Classic,6.5846,0,0
AckermannPascal,98,0,hilly,3123,179.5,0,Sprint,6.5846,0,0
GrignardSébastien,99,0,hilly,3123,179.5,0,Classic,6.5846,0,0
GauduDavid,100,0,hilly,3123,179.5,0,Climber,6.5846,0,0
BardetRomain,101,0,hilly,3123,179.5,0,Climber,6.5846,0,0
DillierSilvan,102,0,hilly,3123,179.5,0,Classic,6.5846,0,0
FormoloDavide,103,0,hilly,3123,179.5,0,Climber,6.5846,0,0
OnleyOscar,104,0,hilly,3123,179.5,0,GC,6.5846,0,0
KristoffAlexander,105,0,hilly,3123,179.5,0,Classic,6.5846,0,0
KulsetJohannes,106,0,hilly,3123,179.5,0,GC,6.5846,0,0
GeschkeSimon,107,0,hilly,3123,179.5,0,Climber,6.5846,0,0
BarguilWarren,108,0,hilly,3123,179.5,0,Climber,6.5846,0,0
GachignardThomas,109,0,hilly,3123,179.5,0,GC,6.5846,0,0
HealyBen,110,0,hilly,3123,179.5,0,Climber,6.5846,0,0
Juul-JensenChristopher,111,0,hilly,3123,179.5,0,GC,6.5846,0,0
MartinezLenny,112,0,hilly,3123,179.5,0,Climber,6.5846,0,0
AllegaertPiet,113,0,hilly,3123,179.5,0,Classic,6.8708,0,0
WilliamsStephen,114,0,hilly,3123,179.5,0,GC,6.9574,0,0
van PoppelDanny,115,0,hilly,3123,179.5,0,Sprint,6.9574,0,0
WellensTim,116,0,hilly,3123,179.5,0,GC,6.9574,0,0
DurbridgeLuke,117,0,hilly,3123,179.5,0,TT,6.9574,0,0
LauranceAxel,118,0,hilly,3123,179.5,0,Hills,6.9574,0,0
GrellierFabien,119,0,hilly,3123,179.5,0,Classic,6.9574,0,0
CoquardBryan,120,0,hilly,3123,179.5,0,Sprint,6.984,0,0
MasEnric,121,0,hilly,3123,179.5,0,Climber,7.004,0,0
RexLaurenz,122,0,hilly,3123,179.5,0,Classic,7.4368,0,0
PageHugo,123,0,hilly,3123,179.5,0,Classic,7.4368,0,0
EekhoffNils,124,0,hilly,3123,179.5,0,Classic,7.4368,0,0
DegenkolbJohn,125,0,hilly,3123,179.5,0,Classic,7.4368,0,0
GoossensKobe,126,0,hilly,3123,179.5,0,Classic,7.4368,0,0
GirmayBiniam,127,0,hilly,3123,179.5,0,Classic,7.4368,0,0
DenzNico,128,0,hilly,3123,179.5,0,Hills,7.4368,0,0
VermeerschGianni,129,0,hilly,3123,179.5,0,Classic,7.4368,0,0
GroenewegenDylan,130,0,hilly,3123,179.5,0,Sprint,7.4368,0,0
TejadaHarold,131,0,hilly,3123,179.5,0,Climber,7.4368,0,0
DémareArnaud,132,0,hilly,3123,179.5,0,Classic,7.4368,0,0
DujardinSandy,133,0,hilly,3123,179.5,0,Classic,7.6698,0,0
TurgisAnthony,134,0,hilly,3123,179.5,0,Classic,7.6698,0,0
GhysRobbe,135,0,hilly,3123,179.5,0,Classic,8.2557,0,0
PhilipsenJasper,136,0,hilly,3123,179.5,0,Sprint,8.3289,0,0
BolCees,137,0,hilly,3123,179.5,0,Sprint,8.3289,0,0
BalleriniDavide,138,0,hilly,3123,179.5,0,Classic,8.3289,0,0
CavendishMark,139,0,hilly,3123,179.5,0,Sprint,8.3289,0,0
DriznersJarrad,140,0,hilly,3123,179.5,0,GC,8.3289,0,0
GenietsKevin,141,0,hilly,3123,179.5,0,Classic,8.3289,0,0
MozzatoLuca,142,0,hilly,3123,179.5,0,Classic,8.8482,0,0
McLayDaniel,143,0,hilly,3123,179.5,0,Sprint,9.0479,0,0
VanhouckeHarm,144,0,hilly,3123,179.5,0,GC,9.0679,0,0
WærenskjoldSøren,145,0,hilly,3123,179.5,0,Classic,9.1278,0,0
PogačarTadej,1,1,mountain,4512,144.6,0,Climber,0.0,0,0
JorgensonMatteo,2,0,mountain,4512,144.6,0,GC,0.1434,0,0
YatesSimon,3,0,mountain,4512,144.6,0,Climber,0.2732,0,0
CarapazRichard,4,0,mountain,4512,144.6,0,Climber,0.4849,0,0
EvenepoelRemco,5,0,mountain,4512,144.6,0,TT,0.6966,0,0
VingegaardJonas,6,0,mountain,4512,144.6,0,GC,0.6966,0,0
AlmeidaJoão,7,0,mountain,4512,144.6,0,GC,0.8195,0,0
LandaMikel,8,0,mountain,4512,144.6,0,Climber,0.8195,0,0
KeldermanWilco,9,0,mountain,4512,144.6,0,GC,1.1746,0,0
Gee-WestDerek,10,0,mountain,4512,144.6,0,Climber,1.4136,0,0
YatesAdam,11,0,mountain,4512,144.6,0,Climber,1.4136,0,0
MasEnric,12,0,mountain,4512,144.6,0,Climber,1.6117,0,0
RodríguezCarlos,13,0,mountain,4512,144.6,0,GC,1.6117,0,0
BuitragoSantiago,14,0,mountain,4512,144.6,0,Climber,1.7141,0,0
HindleyJai,15,0,mountain,4512,144.6,0,Climber,1.7551,0,0
RodríguezCristián,16,0,mountain,4512,144.6,0,GC,1.8097,0,0
CicconeGiulio,17,0,mountain,4512,144.6,0,Climber,1.9463,0,0
De PlusLaurens,18,0,mountain,4512,144.6,0,GC,1.9463,0,0
MartinGuillaume,19,0,mountain,4512,144.6,0,Climber,3.9473,0,0
BardetRomain,20,0,mountain,4512,144.6,0,Climber,3.9473,0,0
MeintjesLouis,21,0,mountain,4512,144.6,0,GC,4.958,0,0
GallFelix,22,0,mountain,4512,144.6,0,Climber,4.958,0,0
Van WilderIlan,23,0,mountain,4512,144.6,0,GC,5.9482,0,0
VeronaCarlos,24,0,mountain,4512,144.6,0,GC,5.9482,0,0
MadouasValentin,25,0,mountain,4512,144.6,0,Classic,6.597,0,0
CortMagnus,26,0,mountain,4512,144.6,0,Hills,6.597,0,0
CrasSteff,27,0,mountain,4512,144.6,0,GC,7.0819,0,0
BernalEgan,28,0,mountain,4512,144.6,0,GC,7.1297,0,0
JegatJordan,29,0,mountain,4512,144.6,0,Climber,7.4097,0,0
MühlbergerGregor,30,0,mountain,4512,144.6,0,Climber,7.4097,0,0
BernardJulien,31,0,mountain,4512,144.6,0,GC,7.6009,0,0
FuglsangJakob,32,0,mountain,4512,144.6,0,GC,8.3453,0,0
JungelsBob,33,0,mountain,4512,144.6,0,TT,8.4272,0,0
GauduDavid,34,0,mountain,4512,144.6,0,Climber,8.6799,0,0
HirtJan,35,0,mountain,4512,144.6,0,GC,9.1784,0,0
SolerMarc,36,0,mountain,4512,144.6,0,Climber,9.397,0,0
SivakovPavel,37,0,mountain,4512,144.6,0,GC,9.397,0,0
KulsetJohannes,38,0,mountain,4512,144.6,0,GC,9.8409,0,0
PoelsWout,39,0,mountain,4512,144.6,0,Climber,10.7628,0,0
ThomasGeraint,40,0,mountain,4512,144.6,0,GC,10.7628,0,0
ArmirailBruno,41,0,mountain,4512,144.6,0,TT,11.2409,0,0
CastroviejoJonathan,42,0,mountain,4512,144.6,0,TT,11.2409,0,0
TratnikJan,43,0,mountain,4512,144.6,0,TT,11.2409,0,0
HaigJack,44,0,mountain,4512,144.6,0,GC,11.2409,0,0
GoossensKobe,45,0,mountain,4512,144.6,0,Classic,11.2409,0,0
ProdhommeNicolas,46,0,mountain,4512,144.6,0,GC,11.4799,0,0
PolittNils,47,0,mountain,4512,144.6,0,Classic,11.7735,0,0
HouleHugo,48,0,mountain,4512,144.6,0,GC,11.7735,0,0
OnleyOscar,49,0,mountain,4512,144.6,0,GC,11.8487,0,0
AbrahamsenJonas,50,0,mountain,4512,144.6,0,Classic,11.8487,0,0
BarguilWarren,51,0,mountain,4512,144.6,0,Climber,12.3813,0,0
HallerMarco,52,0,mountain,4512,144.6,0,Classic,12.3813,0,0
PetersNans,53,0,mountain,4512,144.6,0,Classic,12.3813,0,0
RomoJavier,54,0,mountain,4512,144.6,0,GC,12.3813,0,0
BenootTiesj,55,0,mountain,4512,144.6,0,Classic,12.3813,0,0
PacherQuentin,56,0,mountain,4512,144.6,0,Hills,12.3813,0,0
BurgaudeauMathieu,57,0,mountain,4512,144.6,0,Hills,12.3813,0,0
GenietsKevin,58,0,mountain,4512,144.6,0,Classic,12.3813,0,0
GrégoireRomain,59,0,mountain,4512,144.6,0,Classic,12.3813,0,0
QuinnSean,60,0,mountain,4512,144.6,0,GC,12.3813,0,0
GrellierFabien,61,0,mountain,4512,144.6,0,Classic,12.7023,0,0
StuyvenJasper,62,0,mountain,4512,144.6,0,Classic,12.7228,0,0
OliveiraNelson,63,0,mountain,4512,144.6,0,TT,13.0301,0,0
SobreroMatteo,64,0,mountain,4512,144.6,0,TT,13.2145,0,0
PowlessNeilson,65,0,mountain,4512,144.6,0,Classic,13.2145,0,0
LemmenBart,66,0,mountain,4512,144.6,0,GC,13.2213,0,0
TejadaHarold,67,0,mountain,4512,144.6,0,Climber,14.8808,0,0
LazkanoOier,68,0,mountain,4512,144.6,0,Classic,14.8808,0,0
DujardinSandy,69,0,mountain,4512,144.6,0,Classic,16.6223,0,0
AckermannPascal,70,0,mountain,4512,144.6,0,Sprint,16.6223,0,0
RussoClément,71,0,mountain,4512,144.6,0,Classic,16.6223,0,0
EikingOdd Christian,72,0,mountain,4512,144.6,0,GC,16.6223,0,0
WellensTim,73,0,mountain,4512,144.6,0,GC,16.6223,0,0
VauquelinKévin,74,0,mountain,4512,144.6,0,GC,16.6223,0,0
ZingleAxel,75,0,mountain,4512,144.6,0,Classic,16.6223,0,0
García PiernaRaúl,76,0,mountain,4512,144.6,0,GC,16.6223,0,0
WilliamsStephen,77,0,mountain,4512,144.6,0,GC,16.6223,0,0
CostaRui,78,0,mountain,4512,144.6,0,GC,16.6223,0,0
FormoloDavide,79,0,mountain,4512,144.6,0,Climber,16.6223,0,0
LaporteChristophe,80,0,mountain,4512,144.6,0,Classic,16.6223,0,0
ChampoussinClément,81,0,mountain,4512,144.6,0,Climber,16.6223,0,0
ZimmermannGeorg,82,0,mountain,4512,144.6,0,Classic,16.6223,0,0
TillerRasmus,83,0,mountain,4512,144.6,0,Classic,16.6223,0,0
van AertWout,84,0,mountain,4512,144.6,0,Classic,16.6223,0,0
LapeiraPaul,85,0,mountain,4512,144.6,0,Classic,16.6223,0,0
JohannessenTobias Halland,86,0,mountain,4512,144.6,0,Climber,16.6223,0,0
LampaertYves,87,0,mountain,4512,144.6,0,Classic,16.6223,0,0
NaesenOliver,88,0,mountain,4512,144.6,0,Classic,16.6223,0,0
Van MoerBrent,89,0,mountain,4512,144.6,0,Classic,16.6223,0,0
DillierSilvan,90,0,mountain,4512,144.6,0,Classic,16.6223,0,0
BisseggerStefan,91,0,mountain,4512,144.6,0,TT,16.6223,0,0
van den BergMarijn,92,0,mountain,4512,144.6,0,Hills,16.6223,0,0
TeunissenMike,93,0,mountain,4512,144.6,0,Classic,16.6223,0,0
NeilandsKrists,94,0,mountain,4512,144.6,0,Classic,16.6223,0,0
RexLaurenz,95,0,mountain,4512,144.6,0,Classic,16.6223,0,0
CoquardBryan,96,0,mountain,4512,144.6,0,Sprint,16.6223,0,0
MosconGianni,97,0,mountain,4512,144.6,0,Classic,16.6223,0,0
SkujiņšToms,98,0,mountain,4512,144.6,0,Classic,16.6223,0,0
van PoppelDanny,99,0,mountain,4512,144.6,0,Sprint,16.6223,0,0
van der PoelMathieu,100,0,mountain,4512,144.6,0,Classic,16.6223,0,0
BeullensCedric,101,0,mountain,4512,144.6,0,Classic,16.6223,0,0
VermeerschGianni,102,0,mountain,4512,144.6,0,Classic,16.6223,0,0
CampenaertsVictor,103,0,mountain,4512,144.6,0,TT,16.6223,0,0
TurnerBen,104,0,mountain,4512,144.6,0,Hills,16.6223,0,0
GibbonsRyan,105,0,mountain,4512,144.6,0,Hills,16.6223,0,0
van den BroekFrank,106,0,mountain,4512,144.6,0,GC,16.6223,0,0
GhysRobbe,107,0,mountain,4512,144.6,0,Classic,16.6223,0,0
KwiatkowskiMichał,108,0,mountain,4512,144.6,0,Classic,16.6223,0,0
GachignardThomas,109,0,mountain,4512,144.6,0,GC,16.6223,0,0
TurgisAnthony,110,0,mountain,4512,144.6,0,Classic,16.6223,0,0
ArndtNikias,111,0,mountain,4512,144.6,0,Hills,16.6223,0,0
LauranceAxel,112,0,mountain,4512,144.6,0,Hills,16.6223,0,0
GirmayBiniam,113,0,mountain,4512,144.6,0,Classic,16.6223,0,0
PhilipsenJasper,114,0,mountain,4512,144.6,0,Sprint,16.6223,0,0
GeschkeSimon,115,0,mountain,4512,144.6,0,Climber,16.6223,0,0
AranburuAlex,116,0,mountain,4512,144.6,0,Classic,16.6223,0,0
DenzNico,117,0,mountain,4512,144.6,0,Hills,16.6223,0,0
AllegaertPiet,118,0,mountain,4512,144.6,0,Classic,16.6223,0,0
MatthewsMichael,119,0,mountain,4512,144.6,0,Classic,16.6223,0,0
De LieArnaud,120,0,mountain,4512,144.6,0,Classic,16.752,0,0
GrignardSébastien,121,0,mountain,4512,144.6,0,Classic,16.752,0,0
GodonDorian,122,0,mountain,4512,144.6,0,Hills,16.8476,0,0
DegenkolbJohn,123,0,mountain,4512,144.6,0,Classic,16.9637,0,0
KristoffAlexander,124,0,mountain,4512,144.6,0,Classic,16.9637,0,0
WærenskjoldSøren,125,0,mountain,4512,144.6,0,Classic,16.9637,0,0
MartinezLenny,126,0,mountain,4512,144.6,0,Climber,16.9637,0,0
VercherMattéo,127,0,mountain,4512,144.6,0,Hills,16.9637,0,0
MozzatoLuca,128,0,mountain,4512,144.6,0,Classic,16.9637,0,0
PageHugo,129,0,mountain,4512,144.6,0,Classic,16.9637,0,0
McLayDaniel,130,0,mountain,4512,144.6,0,Sprint,17.1208,0,0
Juul-JensenChristopher,131,0,mountain,4512,144.6,0,GC,17.4213,0,0
DurbridgeLuke,132,0,mountain,4512,144.6,0,TT,17.4213,0,0
GroenewegenDylan,133,0,mountain,4512,144.6,0,Sprint,17.4213,0,0
MezgecLuka,134,0,mountain,4512,144.6,0,Hills,17.4213,0,0
HealyBen,135,0,mountain,4512,144.6,0,Climber,17.4213,0,0
DriznersJarrad,136,0,mountain,4512,144.6,0,GC,17.4213,0,0
MohoričMatej,137,0,mountain,4512,144.6,0,Classic,17.674,0,0
VanhouckeHarm,138,0,mountain,4512,144.6,0,GC,17.8857,0,0
BalleriniDavide,139,0,mountain,4512,144.6,0,Classic,17.9335,0,0
BolCees,140,0,mountain,4512,144.6,0,Sprint,17.9335,0,0
CavendishMark,141,0,mountain,4512,144.6,0,Sprint,17.9335,0,0
PogačarTadej,1,1,mountain,4748,132.8,0,Climber,0.0,0,0
VingegaardJonas,2,0,mountain,4748,132.8,0,GC,0.0477,0,0
CarapazRichard,3,0,mountain,4748,132.8,0,Climber,0.1569,0,0
EvenepoelRemco,4,0,mountain,4748,132.8,0,TT,0.3615,0,0
MasEnric,5,0,mountain,4748,132.8,0,Climber,0.457,0,0
AlmeidaJoão,6,0,mountain,4748,132.8,0,GC,0.6002,0,0
JorgensonMatteo,7,0,mountain,4748,132.8,0,GC,0.6343,0,0
LandaMikel,8,0,mountain,4748,132.8,0,Climber,0.6889,0,0
YatesAdam,9,0,mountain,4748,132.8,0,Climber,0.7025,0,0
BardetRomain,10,0,mountain,4748,132.8,0,Climber,0.7639,0,0
JohannessenTobias Halland,11,0,mountain,4748,132.8,0,Climber,1.1117,0,0
Gee-WestDerek,12,0,mountain,4748,132.8,0,Climber,1.1458,0,0
CicconeGiulio,13,0,mountain,4748,132.8,0,Climber,1.1731,0,0
BuitragoSantiago,14,0,mountain,4748,132.8,0,Climber,1.2549,0,0
RodríguezCarlos,15,0,mountain,4748,132.8,0,GC,1.405,0,0
De PlusLaurens,16,0,mountain,4748,132.8,0,GC,1.5346,0,0
KeldermanWilco,17,0,mountain,4748,132.8,0,GC,1.5891,0,0
ArmirailBruno,18,0,mountain,4748,132.8,0,TT,2.2098,0,0
GenietsKevin,19,0,mountain,4748,132.8,0,Classic,2.2371,0,0
PoelsWout,20,0,mountain,4748,132.8,0,Climber,2.544,0,0
FuglsangJakob,21,0,mountain,4748,132.8,0,GC,2.6258,0,0
HindleyJai,22,0,mountain,4748,132.8,0,Climber,2.7691,0,0
YatesSimon,23,0,mountain,4748,132.8,0,Climber,2.7691,0,0
CrasSteff,24,0,mountain,4748,132.8,0,GC,2.7827,0,0
MeintjesLouis,25,0,mountain,4748,132.8,0,GC,2.7827,0,0
GallFelix,26,0,mountain,4748,132.8,0,Climber,2.9396,0,0
CastroviejoJonathan,27,0,mountain,4748,132.8,0,TT,3.4443,0,0
SivakovPavel,28,0,mountain,4748,132.8,0,GC,3.5193,0,0
SolerMarc,29,0,mountain,4748,132.8,0,Climber,3.5193,0,0
RomoJavier,30,0,mountain,4748,132.8,0,GC,3.5193,0,0
MadouasValentin,31,0,mountain,4748,132.8,0,Classic,3.6421,0,0
MartinGuillaume,32,0,mountain,4748,132.8,0,Climber,3.6421,0,0
JegatJordan,33,0,mountain,4748,132.8,0,Climber,3.6421,0,0
StuyvenJasper,34,0,mountain,4748,132.8,0,Classic,4.215,0,0
BurgaudeauMathieu,35,0,mountain,4748,132.8,0,Hills,4.3582,0,0
EikingOdd Christian,36,0,mountain,4748,132.8,0,GC,4.4264,0,0
WilliamsStephen,37,0,mountain,4748,132.8,0,GC,4.9175,0,0
TratnikJan,38,0,mountain,4748,132.8,0,TT,5.1221,0,0
BernardJulien,39,0,mountain,4748,132.8,0,GC,5.1494,0,0
VeronaCarlos,40,0,mountain,4748,132.8,0,GC,5.1494,0,0
JungelsBob,41,0,mountain,4748,132.8,0,TT,5.2926,0,0
GrégoireRomain,42,0,mountain,4748,132.8,0,Classic,6.0087,0,0
BarguilWarren,43,0,mountain,4748,132.8,0,Climber,6.0087,0,0
OnleyOscar,44,0,mountain,4748,132.8,0,GC,6.0087,0,0
LemmenBart,45,0,mountain,4748,132.8,0,GC,6.2474,0,0
HouleHugo,46,0,mountain,4748,132.8,0,GC,7.1068,0,0
GoossensKobe,47,0,mountain,4748,132.8,0,Classic,7.5433,0,0
KulsetJohannes,48,0,mountain,4748,132.8,0,GC,7.7343,0,0
Van WilderIlan,49,0,mountain,4748,132.8,0,GC,7.782,0,0
HirtJan,50,0,mountain,4748,132.8,0,GC,7.782,0,0
WellensTim,51,0,mountain,4748,132.8,0,GC,7.9321,0,0
HaigJack,52,0,mountain,4748,132.8,0,GC,7.9321,0,0
GeschkeSimon,53,0,mountain,4748,132.8,0,Climber,8.0821,0,0
AbrahamsenJonas,54,0,mountain,4748,132.8,0,Classic,9.1666,0,0
RodríguezCristián,55,0,mountain,4748,132.8,0,GC,9.1802,0,0
GrellierFabien,56,0,mountain,4748,132.8,0,Classic,9.2552,0,0
CortMagnus,57,0,mountain,4748,132.8,0,Hills,9.5212,0,0
HealyBen,58,0,mountain,4748,132.8,0,Climber,9.5212,0,0
Juul-JensenChristopher,59,0,mountain,4748,132.8,0,GC,9.7872,0,0
PacherQuentin,60,0,mountain,4748,132.8,0,Hills,9.8827,0,0
ThomasGeraint,61,0,mountain,4748,132.8,0,GC,10.2715,0,0
SobreroMatteo,62,0,mountain,4748,132.8,0,TT,10.2715,0,0
PolittNils,63,0,mountain,4748,132.8,0,Classic,10.5102,0,0
GachignardThomas,64,0,mountain,4748,132.8,0,GC,10.6602,0,0
TurgisAnthony,65,0,mountain,4748,132.8,0,Classic,10.6602,0,0
MühlbergerGregor,66,0,mountain,4748,132.8,0,Climber,10.6602,0,0
SkujiņšToms,67,0,mountain,4748,132.8,0,Classic,10.9671,0,0
NeilandsKrists,68,0,mountain,4748,132.8,0,Classic,10.9671,0,0
van den BroekFrank,69,0,mountain,4748,132.8,0,GC,11.0353,0,0
GauduDavid,70,0,mountain,4748,132.8,0,Climber,11.0831,0,0
van AertWout,71,0,mountain,4748,132.8,0,Classic,11.1172,0,0
TurnerBen,72,0,mountain,4748,132.8,0,Hills,11.5059,0,0
OliveiraNelson,73,0,mountain,4748,132.8,0,TT,11.5196,0,0
CostaRui,74,0,mountain,4748,132.8,0,GC,11.5537,0,0
PetersNans,75,0,mountain,4748,132.8,0,Classic,11.5741,0,0
LauranceAxel,76,0,mountain,4748,132.8,0,Hills,11.6082,0,0
LaporteChristophe,77,0,mountain,4748,132.8,0,Classic,11.8265,0,0
LazkanoOier,78,0,mountain,4748,132.8,0,Classic,11.8265,0,0
PowlessNeilson,79,0,mountain,4748,132.8,0,Classic,11.8265,0,0
VauquelinKévin,80,0,mountain,4748,132.8,0,GC,12.2221,0,0
ChampoussinClément,81,0,mountain,4748,132.8,0,Climber,12.2425,0,0
CoquardBryan,82,0,mountain,4748,132.8,0,Sprint,12.2425,0,0
García PiernaRaúl,83,0,mountain,4748,132.8,0,GC,12.9382,0,0
MatthewsMichael,84,0,mountain,4748,132.8,0,Classic,13.402,0,0
QuinnSean,85,0,mountain,4748,132.8,0,GC,13.402,0,0
FormoloDavide,86,0,mountain,4748,132.8,0,Climber,13.4361,0,0
RussoClément,87,0,mountain,4748,132.8,0,Classic,13.4361,0,0
NaesenOliver,88,0,mountain,4748,132.8,0,Classic,13.4361,0,0
ProdhommeNicolas,89,0,mountain,4748,132.8,0,GC,13.4361,0,0
VercherMattéo,90,0,mountain,4748,132.8,0,Hills,13.477,0,0
MosconGianni,91,0,mountain,4748,132.8,0,Classic,13.8112,0,0
KwiatkowskiMichał,92,0,mountain,4748,132.8,0,Classic,13.8112,0,0
ZimmermannGeorg,93,0,mountain,4748,132.8,0,Classic,13.8658,0,0
DujardinSandy,94,0,mountain,4748,132.8,0,Classic,14.1045,0,0
CampenaertsVictor,95,0,mountain,4748,132.8,0,TT,14.9093,0,0
BisseggerStefan,96,0,mountain,4748,132.8,0,TT,14.9093,0,0
BeullensCedric,97,0,mountain,4748,132.8,0,Classic,14.9093,0,0
DillierSilvan,98,0,mountain,4748,132.8,0,Classic,14.9093,0,0
AckermannPascal,99,0,mountain,4748,132.8,0,Sprint,14.9093,0,0
van den BergMarijn,100,0,mountain,4748,132.8,0,Hills,14.9093,0,0
BenootTiesj,101,0,mountain,4748,132.8,0,Classic,14.9093,0,0
van PoppelDanny,102,0,mountain,4748,132.8,0,Sprint,14.9093,0,0
VermeerschGianni,103,0,mountain,4748,132.8,0,Classic,14.9093,0,0
De LieArnaud,104,0,mountain,4748,132.8,0,Classic,14.9093,0,0
Van MoerBrent,105,0,mountain,4748,132.8,0,Classic,14.9093,0,0
HallerMarco,106,0,mountain,4748,132.8,0,Classic,14.9093,0,0
AranburuAlex,107,0,mountain,4748,132.8,0,Classic,14.9093,0,0
GibbonsRyan,108,0,mountain,4748,132.8,0,Hills,14.9093,0,0
BernalEgan,109,0,mountain,4748,132.8,0,GC,14.9093,0,0
AllegaertPiet,110,0,mountain,4748,132.8,0,Classic,14.9093,0,0
ZingleAxel,111,0,mountain,4748,132.8,0,Classic,14.9093,0,0
LapeiraPaul,112,0,mountain,4748,132.8,0,Classic,14.9093,0,0
DenzNico,113,0,mountain,4748,132.8,0,Hills,14.9093,0,0
ArndtNikias,114,0,mountain,4748,132.8,0,Hills,14.9093,0,0
GrignardSébastien,115,0,mountain,4748,132.8,0,Classic,14.9434,0,0
MartinezLenny,116,0,mountain,4748,132.8,0,Climber,14.9434,0,0
TillerRasmus,117,0,mountain,4748,132.8,0,Classic,15.0252,0,0
van der PoelMathieu,118,0,mountain,4748,132.8,0,Classic,15.0525,0,0
RexLaurenz,119,0,mountain,4748,132.8,0,Classic,15.0934,0,0
PageHugo,120,0,mountain,4748,132.8,0,Classic,15.0934,0,0
TeunissenMike,121,0,mountain,4748,132.8,0,Classic,15.0934,0,0
GirmayBiniam,122,0,mountain,4748,132.8,0,Classic,15.0934,0,0
KristoffAlexander,123,0,mountain,4748,132.8,0,Classic,15.3731,0,0
WærenskjoldSøren,124,0,mountain,4748,132.8,0,Classic,15.3867,0,0
DurbridgeLuke,125,0,mountain,4748,132.8,0,TT,15.4345,0,0
GroenewegenDylan,126,0,mountain,4748,132.8,0,Sprint,15.4345,0,0
DriznersJarrad,127,0,mountain,4748,132.8,0,GC,15.4345,0,0
GodonDorian,128,0,mountain,4748,132.8,0,Hills,15.5368,0,0
LampaertYves,129,0,mountain,4748,132.8,0,Classic,15.7005,0,0
PhilipsenJasper,130,0,mountain,4748,132.8,0,Sprint,15.7005,0,0
VanhouckeHarm,131,0,mountain,4748,132.8,0,GC,15.7005,0,0
MozzatoLuca,132,0,mountain,4748,132.8,0,Classic,15.7141,0,0
MohoričMatej,133,0,mountain,4748,132.8,0,Classic,16.4166,0,0
MezgecLuka,134,0,mountain,4748,132.8,0,Hills,16.4166,0,0
DegenkolbJohn,135,0,mountain,4748,132.8,0,Classic,16.4166,0,0
McLayDaniel,136,0,mountain,4748,132.8,0,Sprint,16.4166,0,0
GhysRobbe,137,0,mountain,4748,132.8,0,Classic,16.7167,0,0
TejadaHarold,138,0,mountain,4748,132.8,0,Climber,17.2077,0,0
BalleriniDavide,139,0,mountain,4748,132.8,0,Classic,17.2077,0,0
CavendishMark,140,0,mountain,4748,132.8,0,Sprint,17.2077,0,0
BolCees,141,0,mountain,4748,132.8,0,Sprint,17.2077,0,0
PogačarTadej,1,1,ITT,720,33.7,0,Climber,0.0,0,0
VingegaardJonas,2,0,ITT,720,33.7,0,GC,0.0,0,0
EvenepoelRemco,3,0,ITT,720,33.7,0,TT,0.0,0,0
JorgensonMatteo,4,0,ITT,720,33.7,0,GC,0.0,0,0
AlmeidaJoão,5,0,ITT,720,33.7,0,GC,0.0,0,0
Gee-WestDerek,6,0,ITT,720,33.7,0,Climber,0.0,0,0
LandaMikel,7,0,ITT,720,33.7,0,Climber,0.0,0,0
TejadaHarold,8,0,ITT,720,33.7,0,Climber,0.0,0,0
BuitragoSantiago,9,0,ITT,720,33.7,0,Climber,0.0,0,0
YatesAdam,10,0,ITT,720,33.7,0,Climber,0.0,0,0
MartinezLenny,11,0,ITT,720,33.7,0,Climber,0.0,0,0
YatesSimon,12,0,ITT,720,33.7,0,Climber,0.0,0,0
CampenaertsVictor,13,0,ITT,720,33.7,0,TT,0.0,0,0
PacherQuentin,14,0,ITT,720,33.7,0,Hills,0.0,0,0
GrégoireRomain,15,0,ITT,720,33.7,0,Classic,0.0,0,0
PowlessNeilson,16,0,ITT,720,33.7,0,Classic,0.0,0,0
RodríguezCarlos,17,0,ITT,720,33.7,0,GC,0.0,0,0
Van WilderIlan,18,0,ITT,720,33.7,0,GC,0.0,0,0
SobreroMatteo,19,0,ITT,720,33.7,0,TT,0.0,0,0
VauquelinKévin,20,0,ITT,720,33.7,0,GC,0.0,0,0
FuglsangJakob,21,0,ITT,720,33.7,0,GC,0.0,0,0
MatthewsMichael,22,0,ITT,720,33.7,0,Classic,0.0,0,0
ArmirailBruno,23,0,ITT,720,33.7,0,TT,0.0,0,0
TratnikJan,24,0,ITT,720,33.7,0,TT,0.0,0,0
MasEnric,25,0,ITT,720,33.7,0,Climber,0.0,0,0
De PlusLaurens,26,0,ITT,720,33.7,0,GC,0.0,0,0
MartinGuillaume,27,0,ITT,720,33.7,0,Climber,0.0,0,0
García PiernaRaúl,28,0,ITT,720,33.7,0,GC,0.0,0,0
StuyvenJasper,29,0,ITT,720,33.7,0,Classic,0.0,0,0
BurgaudeauMathieu,30,0,ITT,720,33.7,0,Hills,0.0,0,0
OnleyOscar,31,0,ITT,720,33.7,0,GC,0.0,0,0
JegatJordan,32,0,ITT,720,33.7,0,Climber,0.0,0,0
GachignardThomas,33,0,ITT,720,33.7,0,GC,0.0,0,0
HindleyJai,34,0,ITT,720,33.7,0,Climber,0.0,0,0
JungelsBob,35,0,ITT,720,33.7,0,TT,0.0,0,0
CicconeGiulio,36,0,ITT,720,33.7,0,Climber,0.0,0,0
BardetRomain,37,0,ITT,720,33.7,0,Climber,0.0,0,0
CrasSteff,38,0,ITT,720,33.7,0,GC,0.0,0,0
MadouasValentin,39,0,ITT,720,33.7,0,Classic,0.0,0,0
HaigJack,40,0,ITT,720,33.7,0,GC,0.0,0,0
WellensTim,41,0,ITT,720,33.7,0,GC,0.0,0,0
van der PoelMathieu,42,0,ITT,720,33.7,0,Classic,0.0,0,0
GoossensKobe,43,0,ITT,720,33.7,0,Classic,0.0,0,0
LemmenBart,44,0,ITT,720,33.7,0,GC,0.0,0,0
VercherMattéo,45,0,ITT,720,33.7,0,Hills,0.0,0,0
MeintjesLouis,46,0,ITT,720,33.7,0,GC,0.0,0,0
RussoClément,47,0,ITT,720,33.7,0,Classic,0.0,0,0
ProdhommeNicolas,48,0,ITT,720,33.7,0,GC,0.0,0,0
BernardJulien,49,0,ITT,720,33.7,0,GC,0.0,0,0
HouleHugo,50,0,ITT,720,33.7,0,GC,0.0,0,0
DurbridgeLuke,51,0,ITT,720,33.7,0,TT,0.0,0,0
GodonDorian,52,0,ITT,720,33.7,0,Hills,0.0,0,0
NeilandsKrists,53,0,ITT,720,33.7,0,Classic,0.0,0,0
ChampoussinClément,54,0,ITT,720,33.7,0,Climber,0.0,0,0
ThomasGeraint,55,0,ITT,720,33.7,0,GC,0.0,0,0
GauduDavid,56,0,ITT,720,33.7,0,Climber,0.0,0,0
MohoričMatej,57,0,ITT,720,33.7,0,Classic,0.0,0,0
Juul-JensenChristopher,58,0,ITT,720,33.7,0,GC,0.0,0,0
BarguilWarren,59,0,ITT,720,33.7,0,Climber,0.0,0,0
van den BroekFrank,60,0,ITT,720,33.7,0,GC,0.0,0,0
LauranceAxel,61,0,ITT,720,33.7,0,Hills,0.0,0,0
GeschkeSimon,62,0,ITT,720,33.7,0,Climber,0.0,0,0
LazkanoOier,63,0,ITT,720,33.7,0,Classic,0.0,0,0
PetersNans,64,0,ITT,720,33.7,0,Classic,0.0,0,0
OliveiraNelson,65,0,ITT,720,33.7,0,TT,0.0,0,0
FormoloDavide,66,0,ITT,720,33.7,0,Climber,0.0,0,0
BernalEgan,67,0,ITT,720,33.7,0,GC,0.0,0,0
MühlbergerGregor,68,0,ITT,720,33.7,0,Climber,0.0,0,0
GrignardSébastien,69,0,ITT,720,33.7,0,Classic,0.0,0,0
PolittNils,70,0,ITT,720,33.7,0,Classic,0.0,0,0
QuinnSean,71,0,ITT,720,33.7,0,GC,0.0,0,0
ZingleAxel,72,0,ITT,720,33.7,0,Classic,0.0,0,0
GrellierFabien,73,0,ITT,720,33.7,0,Classic,0.0,0,0
GibbonsRyan,74,0,ITT,720,33.7,0,Hills,0.0,0,0
VanhouckeHarm,75,0,ITT,720,33.7,0,GC,0.0,0,0
KulsetJohannes,76,0,ITT,720,33.7,0,GC,0.0,0,0
RodríguezCristián,77,0,ITT,720,33.7,0,GC,0.0,0,0
KeldermanWilco,78,0,ITT,720,33.7,0,GC,0.0,0,0
JohannessenTobias Halland,79,0,ITT,720,33.7,0,Climber,0.0,0,0
BeullensCedric,80,0,ITT,720,33.7,0,Classic,0.0,0,0
PageHugo,81,0,ITT,720,33.7,0,Classic,0.0,0,0
SivakovPavel,82,0,ITT,720,33.7,0,GC,0.0,0,0
RomoJavier,83,0,ITT,720,33.7,0,GC,0.0,0,0
BisseggerStefan,84,0,ITT,720,33.7,0,TT,0.0,0,0
VeronaCarlos,85,0,ITT,720,33.7,0,GC,0.0,0,0
BolCees,86,0,ITT,720,33.7,0,Sprint,0.0,0,0
TillerRasmus,87,0,ITT,720,33.7,0,Classic,0.0,0,0
Van MoerBrent,88,0,ITT,720,33.7,0,Classic,0.0,0,0
LaporteChristophe,89,0,ITT,720,33.7,0,Classic,0.0,0,0
van den BergMarijn,90,0,ITT,720,33.7,0,Hills,0.0,0,0
GenietsKevin,91,0,ITT,720,33.7,0,Classic,0.0,0,0
CoquardBryan,92,0,ITT,720,33.7,0,Sprint,0.0,0,0
AbrahamsenJonas,93,0,ITT,720,33.7,0,Classic,0.0,0,0
ZimmermannGeorg,94,0,ITT,720,33.7,0,Classic,0.0,0,0
RexLaurenz,95,0,ITT,720,33.7,0,Classic,0.0,0,0
CortMagnus,96,0,ITT,720,33.7,0,Hills,0.0,0,0
PoelsWout,97,0,ITT,720,33.7,0,Climber,0.0,0,0
EikingOdd Christian,98,0,ITT,720,33.7,0,GC,0.0,0,0
van PoppelDanny,99,0,ITT,720,33.7,0,Sprint,0.0,0,0
DriznersJarrad,100,0,ITT,720,33.7,0,GC,0.0,0,0
VermeerschGianni,101,0,ITT,720,33.7,0,Classic,0.0,0,0
CostaRui,102,0,ITT,720,33.7,0,GC,0.0,0,0
GallFelix,103,0,ITT,720,33.7,0,Climber,0.0,0,0
PhilipsenJasper,104,0,ITT,720,33.7,0,Sprint,0.0,0,0
CastroviejoJonathan,105,0,ITT,720,33.7,0,TT,0.0,0,0
LapeiraPaul,106,0,ITT,720,33.7,0,Classic,0.0,0,0
BenootTiesj,107,0,ITT,720,33.7,0,Classic,0.0,0,0
TurgisAnthony,108,0,ITT,720,33.7,0,Classic,0.0,0,0
DillierSilvan,109,0,ITT,720,33.7,0,Classic,0.0,0,0
HealyBen,110,0,ITT,720,33.7,0,Climber,0.0,0,0
HirtJan,111,0,ITT,720,33.7,0,GC,0.0,0,0
TurnerBen,112,0,ITT,720,33.7,0,Hills,0.0,0,0
BalleriniDavide,113,0,ITT,720,33.7,0,Classic,0.0,0,0
GhysRobbe,114,0,ITT,720,33.7,0,Classic,0.0,0,0
DenzNico,115,0,ITT,720,33.7,0,Hills,0.0,0,0
AranburuAlex,116,0,ITT,720,33.7,0,Classic,0.0,0,0
De LieArnaud,117,0,ITT,720,33.7,0,Classic,0.0,0,0
MezgecLuka,118,0,ITT,720,33.7,0,Hills,0.0,0,0
MosconGianni,119,0,ITT,720,33.7,0,Classic,0.0,0,0
van AertWout,120,0,ITT,720,33.7,0,Classic,0.0,0,0
TeunissenMike,121,0,ITT,720,33.7,0,Classic,0.0,0,0
CarapazRichard,122,0,ITT,720,33.7,0,Climber,0.0,0,0
DegenkolbJohn,123,0,ITT,720,33.7,0,Classic,0.0,0,0
LampaertYves,124,0,ITT,720,33.7,0,Classic,0.0,0,0
SkujiņšToms,125,0,ITT,720,33.7,0,Classic,0.0,0,0
MozzatoLuca,126,0,ITT,720,33.7,0,Classic,0.0,0,0
KristoffAlexander,127,0,ITT,720,33.7,0,Classic,0.0,0,0
KwiatkowskiMichał,128,0,ITT,720,33.7,0,Classic,0.0,0,0
McLayDaniel,129,0,ITT,720,33.7,0,Sprint,0.0,0,0
AckermannPascal,130,0,ITT,720,33.7,0,Sprint,0.0,0,0
HallerMarco,131,0,ITT,720,33.7,0,Classic,0.0,0,0
AllegaertPiet,132,0,ITT,720,33.7,0,Classic,0.0,0,0
NaesenOliver,133,0,ITT,720,33.7,0,Classic,0.0,0,0
CavendishMark,134,0,ITT,720,33.7,0,Sprint,0.0,0,0
GirmayBiniam,135,0,ITT,720,33.7,0,Classic,0.0,0,0
WilliamsStephen,136,0,ITT,720,33.7,0,GC,0.0,0,0
DujardinSandy,137,0,ITT,720,33.7,0,Classic,0.0,0,0
WærenskjoldSøren,138,0,ITT,720,33.7,0,Classic,0.0,0,0
ArndtNikias,139,0,ITT,720,33.7,0,Hills,0.0,0,0
SolerMarc,140,0,ITT,720,33.7,0,Climber,0.0,0,0
GroenewegenDylan,141,0,ITT,720,33.7,0,Sprint,0.0,0,0
